ITM_Folder,ITM_Attribute_Group,ITM_Attribute_Item,ITM_Attribute_Value,entityType,query,metricName,metricPattern.prefix,metricPattern.postfix,aggregation,rule.conditionValue,conversionRule,comment,Supported,Roadmap
*,Local_Time,Day_Of_Month,,,,,,,,,maintenanceWindow,,SUPPORTED,
*,Local_Time,Day_Of_Week,,,,,,,,,maintenanceWindow,,SUPPORTED,
*,Local_Time,Hours,,,,,,,,,maintenanceWindow,,SUPPORTED,
*,Local_Time,Minutes,,,,,,,,,maintenanceWindow,,SUPPORTED,
*,Local_Time,Seconds,,,,,,,,,maintenanceWindow,,SUPPORTED,
*,Local_Time,Time,,,,,,,,,maintenanceWindow,,SUPPORTED,
*,ManagedSystem,Product,,host,,,,,,,linkedAttribute,TODO: System Offline event?,Supported,
*,ManagedSystem,Reason,,host,,,,,,,linkedAttribute,TODO: System Offline event?,TODO,
*,ManagedSystem,Status,OFFLINE,host,,,,,,,systemEvent,TODO: System Offline event?,Supported,
*,Universal_Time,Day_Of_Month,,,,,,,,,maintenanceWindow,,SUPPORTED,
*,Universal_Time,Day_Of_Week,,,,,,,,,maintenanceWindow,,SUPPORTED,
*,Universal_Time,Hours,,,,,,,,,maintenanceWindow,,SUPPORTED,
*,Universal_Time,Minutes,,,,,,,,,maintenanceWindow,,SUPPORTED,
*,Universal_Time,Time,,,,,,,,,maintenanceWindow,,SUPPORTED,
A4,i5OS_Auxiliary_Storage_Pool,Utilization_Percent,,ibmIOs,,sysASPUsed,,,avg,,percentage,,SUPPORTED,
A4,OS400_System_Status,CPU_Percent,,ibmIOs,,avgCPURate,,,avg,,percentage,,SUPPORTED,
A4,OS400_System_Status,System_ASP_Used,,ibmIOs,,sysASPUsed,,,avg,,percentage,,SUPPORTED,
A4,OS400_System_Status,Temp_Address_Percent_Used,,,,,,,,,,,NOT_SUPPORTED,
BN,KBN_CPUUSAGE,TenMinutes,,ibmDataPowerAppliance,,cpuUsage,,,avg,,percentage,,SUPPORTED,
BN,KBN_DOMAINSTATUS,Name,,ibmDataPowerAppliance,entity.ibmdatapower.domain.name,,,,,,dynamicQuery,,SUPPORTED,
BN,KBN_DOMAINSTATUS,ProbeEnabled,,ibmDataPowerAppliance,,connectionAccepted,,,avg,,value,,SUPPORTED,
BN,KBN_MEMORYSTATUS,Usage,,ibmDataPowerAppliance,,memoryUsage,,,avg,,percentage,,SUPPORTED,
BN,KBN_OBJECTSTATUS,AdminState,,ibmDataPowerAppliance,,statusMetric,,,avg,,enumConversion,,SUPPORTED,
BN,KBN_OBJECTSTATUS,Domain,,ibmDataPowerAppliance,entity.ibmdatapower.domain.name,,,,,,dynamicQuery,,SUPPORTED,
BN,KBN_OBJECTSTATUS,Name,,ibmDataPowerAppliance,entity.ibmdatapower.appliance.name,,,,,,dynamicQuery,,SUPPORTED,
BN,KBN_OBJECTSTATUS,OpState,,ibmDataPowerAppliance,,statusMetric,,,avg,,enumConversion,,SUPPORTED,
BN,KBN_SYSTEMUPTIME,Uptimereboot,,ibmDataPowerService,,,,,,,,,TODO,
BN,KBN_SYSTEMUPTIME,Uptimereload,,ibmDataPowerService,,,,,,,,,TODO,
BN,KBN_SYSTEMUSAGE,Load,,ibmDataPowerAppliance,,systemLoad,,,avg,,percentage,,SUPPORTED,
BN,KBN_XC10_CPUUSAGE,TenMinutes,,ibmDataPowerAppliance,,cpuUsage,,,avg,,percentage,,SUPPORTED,
DP,DB2_CICS_Exceptions,Pool_Thread_Waits,,zDb2,,,DB2_CICS_Exceptions,pool_thread_waits,,,value,,SUPPORTED,
DP,DB2_CICS_Exceptions,Total_Thread_Utilization,,zDb2,,,DB2_CICS_Exceptions,total_threads_inuse,,,value,TODO: ITM is percentage ,SUPPORTED,
DP,DB2_CICS_Threads,Entry_Thread_Waiting,,zDb2,,,DB2_CICS_Exceptions,total_threads_maximum,,,value,,SUPPORTED,
DP,DB2_CICS_Threads,Entry_Threads_Utilization,,zDb2,,,DB2_CICS_Exceptions,total_threads_inuse,,,value,,SUPPORTED,
DP,DB2_CICS_Threads,Pool_Thread_Overflow,,zDb2,,,DB2_CICS_Exceptions,pool_thread_maximum,,,value,,SUPPORTED,
DP,DB2_SRM_Log_Manager,Percent_Logs_Avail,,db2Database,,logs.used,,,,,value,,SUPPORTED,
DP,DB2_System_States,Status,Offline,zDb2,,,,,,,systemEvent,TODO: System Offline event?,TODO,
DP,DB2plex_Filter,Group_Or_Subsystem_Name,,zDb2,entity.ibmz.db2.mvssystem,,,,,,value,,SUPPORTED,
LO,KLO_LOG_FILE_STATUS,File_Name,,,,,,,,,,,WORKAROUND,Use Autonomous mode with direct EIF feed to OMNIbus
LO,KLO_LOG_FILE_STATUS,File_Status,,,,,,,,,,,WORKAROUND,Use Autonomous mode with direct EIF feed to OMNIbus
LO,KLO_LOGFILEEVENTS,Class,,,,,,,,,,,WORKAROUND,Use Autonomous mode with direct EIF feed to OMNIbus
LO,KLO_LOGFILEEVENTS,CustomInteger2,,,,,,,,,,,WORKAROUND,Use Autonomous mode with direct EIF feed to OMNIbus
LO,KLO_LOGFILEEVENTS,CustomSlot1,,,,,,,,,,,WORKAROUND,Use Autonomous mode with direct EIF feed to OMNIbus
LO,KLO_LOGFILEEVENTS,CustomSlot3,,,,,,,,,,,WORKAROUND,Use Autonomous mode with direct EIF feed to OMNIbus
LO,KLO_LOGFILEEVENTS,Event_Type,,,,,,,,,,,WORKAROUND,Use Autonomous mode with direct EIF feed to OMNIbus
LO,KLO_LOGFILEEVENTS,Logname,,,,,,,,,,,WORKAROUND,Use Autonomous mode with direct EIF feed to OMNIbus
LO,KLO_LOGFILEEVENTS,msg,,,,,,,,,,,WORKAROUND,Use Autonomous mode with direct EIF feed to OMNIbus
LO,KLO_LOGFILEEVENTS,Occurrence_Count,,,,,,,,,,,WORKAROUND,Use Autonomous mode with direct EIF feed to OMNIbus
LO,KLO_LOGFILEPROFILEEVENTS,Class,,,,,,,,,,,WORKAROUND,Use Autonomous mode with direct EIF feed to OMNIbus
LO,KLO_LOGFILEPROFILEEVENTS,Event_Type,,,,,,,,,,,WORKAROUND,Use Autonomous mode with direct EIF feed to OMNIbus
LO,KLO_LOGFILEPROFILEEVENTS,msg,,,,,,,,,,,WORKAROUND,Use Autonomous mode with direct EIF feed to OMNIbus
LO,KLO_LOGFILEPROFILEEVENTS,Occurrence_Count,,,,,,,,,,,WORKAROUND,Use Autonomous mode with direct EIF feed to OMNIbus
LO,KLO_PERFORMANCE_OBJECT_STATUS,Object_Status,,,,,,,,,,,WORKAROUND,Use Autonomous mode with direct EIF feed to OMNIbus
LO,KLO_PRO_PERFORMANCE_OBJECT_STATUS,Object_Status,,,,,,,,,,,WORKAROUND,Use Autonomous mode with direct EIF feed to OMNIbus
LZ,KCA_LZ_Agent_Active_Runtime_Status,Agent_Availability_Status,,,,,,,,,,,NOT_SUPPORTED,
LZ,KCA_LZ_Agent_Active_Runtime_Status,Agent_Host_Name,,host,entity.host.name,,,,,,dynamicQuery,,SUPPORTED,
LZ,KCA_LZ_Agent_Availability_Management_Status,Agent_Management_Status,,,,,,,,,,,NOT_SUPPORTED,
LZ,KCA_LZ_Alerts_Table,Alert_Text,,,,,,,,,,,NOT_SUPPORTED,
LZ,KLZ_CPU,Busy_CPU,,host,,cpu.used,,,avg,,percentage,,SUPPORTED,
LZ,KLZ_CPU,CPU_ID,,host,entity.process.id,,,,,,dynamicQuery,,SUPPORTED,
LZ,KLZ_CPU,Idle_CPU,,,,,,,,,,,NOT_SUPPORTED,
LZ,KLZ_CPU,System_CPU,,host,,cpu.sys,,,avg,,percentage,,SUPPORTED,
LZ,KLZ_CPU,User_CPU,,host,,cpu.user,,,avg,,percentage,,SUPPORTED,
LZ,KLZ_CPU,Wait_IO_CPU,,host,,cpu.wait,,,avg,,percentage,,SUPPORTED,
LZ,KLZ_CPU_Averages,CPU_Usage_Current_Average,,host,,cpu.used,,,avg,,percentage,,SUPPORTED,
LZ,KLZ_Custom_Scripts,Attribute_Name,,host,,,,,,,,,ROADMAP,Action Catalog
LZ,KLZ_Custom_Scripts,Return_Code,,host,,,,,,,,,ROADMAP,Action Catalog
LZ,KLZ_Custom_Scripts_Rtm_Smp,Attribute_Name,,host,,,,,,,,,ROADMAP,Action Catalog
LZ,KLZ_Custom_Scripts_Rtm_Smp,Cust_Attr_Float1,,host,,,,,,,,,ROADMAP,Action Catalog
LZ,KLZ_Custom_Scripts_Rtm_Smp,Cust_Attr_Int1,,host,,,,,,,,,ROADMAP,Action Catalog
LZ,KLZ_Custom_Scripts_Rtm_Smp,Cust_Attr_Int2,,host,,,,,,,,,ROADMAP,Action Catalog
LZ,KLZ_Custom_Scripts_Rtm_Smp,Cust_Attr_Int4,,host,,,,,,,,,ROADMAP,Action Catalog
LZ,KLZ_Custom_Scripts_Rtm_Smp,Cust_Attr_Int5,,host,,,,,,,,,ROADMAP,Action Catalog
LZ,KLZ_Custom_Scripts_Rtm_Smp,Cust_Attr_Str1,,host,,,,,,,,,ROADMAP,Action Catalog
LZ,KLZ_Custom_Scripts_Rtm_Smp,Cust_Attr_Str2,,host,,,,,,,,,ROADMAP,Action Catalog
LZ,KLZ_Custom_Scripts_Rtm_Smp,Cust_Attr_Str3,,host,,,,,,,,,ROADMAP,Action Catalog
LZ,KLZ_Custom_Scripts_Rtm_Smp,Cust_Attr_Str4,,host,,,,,,,,,ROADMAP,Action Catalog
LZ,KLZ_Custom_Scripts_Rtm_Smp,Cust_Attr_Str5,,host,,,,,,,,,ROADMAP,Action Catalog
LZ,KLZ_Custom_Scripts_Rtm_Smp,Property_File,,host,,,,,,,,,ROADMAP,Action Catalog
LZ,KLZ_Custom_Scripts_Rtm_Smp,Return_Code,,host,,,,,,,,,ROADMAP,Action Catalog
LZ,KLZ_Custom_Scripts_Rtm_Smp,Standard_Output_Float,,host,,,,,,,,,ROADMAP,Action Catalog
LZ,KLZ_Custom_Scripts_Rtm_Smp,Standard_Output_String,,host,,,,,,,,,ROADMAP,Action Catalog
LZ,KLZ_Custom_Scripts_Rtm_Smp,System_Name,,host,,,,,,,,,ROADMAP,Action Catalog
LZ,KLZ_Custom_Scripts_Runtime,Attribute_Name,,host,,,,,,,,,ROADMAP,Action Catalog
LZ,KLZ_Custom_Scripts_Runtime,Cust_Attr_Int1,,host,,,,,,,,,ROADMAP,Action Catalog
LZ,KLZ_Custom_Scripts_Runtime,Cust_Attr_Str2,,host,,,,,,,,,ROADMAP,Action Catalog
LZ,KLZ_Custom_Scripts_Runtime,Cust_Attr_Str4,,host,,,,,,,,,ROADMAP,Action Catalog
LZ,KLZ_Custom_Scripts_Runtime,Standard_Output_String,,host,,,,,,,,,ROADMAP,Action Catalog
LZ,KLZ_Disk,Disk_Free,,host,,,,free,avg,,value,,SUPPORTED,
LZ,KLZ_Disk,Disk_Free_Percent,,,,,,,,,,No percentage option,NOT_SUPPORTED,
LZ,KLZ_Disk,Disk_Name,,host,,,fs,,,,linkedAttribute,,SUPPORTED,
LZ,KLZ_Disk,Disk_Used_Percent,,host,,,,used,avg,,percentage,,SUPPORTED,
LZ,KLZ_Disk,FS_Type,,host,,,,,,,,,NOT_SUPPORTED,
LZ,KLZ_Disk,Inodes_Used_Percent,,host,,,,inodeUsage,avg,,percentage,,SUPPORTED,
LZ,KLZ_Disk,Mount_Options,,host,,,fs_mount,,,,linkedAttribute,,SUPPORTED,
LZ,KLZ_Disk,Mount_Point,,host,,,fs_mount,,,,linkedAttribute,,SUPPORTED,
LZ,KLZ_Disk,System_Name,,host,,,fs,,,,linkedAttribute,,SUPPORTED,
LZ,KLZ_IO_Ext,Disk_Read_Percent,,,,,,,,,,No percentage option,NOT_SUPPORTED,
LZ,KLZ_IO_Ext,Disk_Write_Percent,,,,,,,,,,No percentage option,NOT_SUPPORTED,
LZ,Klz_LogfileProfileEvents,msg,,host,,,,,,,,,ROADMAP,Log monitoring
LZ,KLZ_Network,Collision_Percent,,host,,tcp.fails,,,avg,,percentage,,SUPPORTED,
LZ,KLZ_Network,Input_Error_rate,,host,,tcp.errors,,,avg,,percentage,,SUPPORTED,
LZ,KLZ_Network,Interface_Status,,,,,,,,,,,NOT_SUPPORTED,
LZ,KLZ_Network,Network_Interface_Name,,,,,,,,,,,NOT_SUPPORTED,
LZ,KLZ_Network,Total_Error_Percent,,host,,tcp.errors,,,avg,,percentage,,SUPPORTED,
LZ,KLZ_NFS_Statistics,NFS_Get_Attribute_Calls_Pct,,,,,,,,,,,NOT_SUPPORTED,
LZ,KLZ_NFS_Statistics,NFS_Read_Calls_Pct,,,,,,,,,,No percentage option,NOT_SUPPORTED,
LZ,KLZ_NFS_Statistics,NFS_Read_Link_Pct,,,,,,,,,,No percentage option,NOT_SUPPORTED,
LZ,KLZ_NFS_Statistics,NFS_Writes_Pct,,,,,,,,,,No percentage option,NOT_SUPPORTED,
LZ,Klz_pro_Performance_Object_Status,Object_Status,,,,,,,,,,,NOT_SUPPORTED,
LZ,KLZ_Process,Busy_CPU_Pct,,host,,cpu.used,,,avg,,percentage,,SUPPORTED,
LZ,KLZ_Process,Elapsed_Time,,,,,,,,,,,NOT_SUPPORTED,
LZ,KLZ_Process,Parent_Process_ID,,process,entity.process.id,,,,,,dynamicQuery,,SUPPORTED,
LZ,KLZ_Process,Proc_CMD_Line,,process,entity.process.exec,,,,,,dynamicQuery,,SUPPORTED,
LZ,KLZ_Process,Process_Command_Name,,process,entity.process.exec,,,,,,dynamicQuery,,SUPPORTED,
LZ,KLZ_Process,Process_Count,,process,entity.host.cpu.count,,,,,,dynamicQuery,,SUPPORTED,
LZ,KLZ_Process,Process_Filter,,,,,,,,,,DFQ Lookup??,TODO,
LZ,KLZ_Process,Resident_Set_Size_MB,,process,,mem.resident,,,avg,,MB2byte,,SUPPORTED,
LZ,KLZ_Process,State,,,,,,,,,,,NOT_SUPPORTED,
LZ,KLZ_Process,System_Name,,host,entity.host.name,,,,,,dynamicQuery,,SUPPORTED,
LZ,KLZ_Process,Text_Resident_Size_MB,,process,,mem.resident,,,avg,,MB2byte,,SUPPORTED,
LZ,KLZ_Process,Total_CPU_Percent,,host,,cpu.user,,,avg,,percentage,,SUPPORTED,
LZ,KLZ_Process,VM_Size_MB,,,,,,,,,,,NOT_SUPPORTED,
LZ,KLZ_Process_User_Info,Eff_User_Name,,,,,,,,,,,NOT_SUPPORTED,
LZ,KLZ_Process_User_Info,Process_Command_Line,,process,entity.process.exec,,,,,,dynamicQuery,,SUPPORTED,
LZ,KLZ_Process_User_Info,Process_Command_Name,,process,entity.process.exec,,,,,,dynamicQuery,,SUPPORTED,
LZ,KLZ_Process_User_Info,Real_User_Name,,,,,,,,,,,NOT_SUPPORTED,
LZ,KLZ_RPC_Statistics,RPC_Client_Calls_Retransmitted,,,,,,,,,,,NOT_SUPPORTED,
LZ,KLZ_RPC_Statistics,RPC_Server_Calls_Rejected,,,,,,,,,,,NOT_SUPPORTED,
LZ,KLZ_Sockets_Detail,Local_Port,,,,,,,,,,,NOT_SUPPORTED,
LZ,KLZ_Sockets_Detail,Socket_State,,,,,,,,,,,NOT_SUPPORTED,
LZ,KLZ_Sockets_Detail,System_Name,,host,entity.host.name,,,,,,dynamicQuery,,SUPPORTED,
LZ,KLZ_System_Statistics,Pages_paged_in_per_sec,,host,,memory.pageIn,,,avg,,value,,SUPPORTED,
LZ,KLZ_System_Statistics,Pages_paged_out_per_sec,,host,,memory.pageOut,,,avg,,value,,SUPPORTED,
LZ,KLZ_System_Statistics,Processes_Zombie_Count,,,,,,,,,,,NOT_SUPPORTED,
LZ,KLZ_System_Statistics,System_Load_15min,,host,,load.1min,,,,,divideBy15,,SUPPORTED,
LZ,KLZ_System_Statistics,System_Load_5min,,host,,load.1min,,,,,divideBy5,,SUPPORTED,
LZ,KLZ_System_Statistics,System_Uptime,,,,,,,,,,,NOT_SUPPORTED,
LZ,KLZ_VM_Stats,Memory_Used_Pct,,host,,memory.used,,,avg,,percentage,,SUPPORTED,
LZ,KLZ_VM_Stats,Net_Memory_Used_Pct,,host,,memory.used,,,avg,,percentage,,SUPPORTED,
LZ,KLZ_VM_Stats,Processes_Waiting_RunTime,,host,,cpu.wait,,,avg,,percentage,,SUPPORTED,
LZ,KLZ_VM_Stats,Swap_Used_Pct,,host,,memory.swapUsed,,,avg,,percentage,,SUPPORTED,
LZ,KLZ_VM_Stats,Total_Memory_Free_Pct,,host,,memory.free,,,avg,,percentage,,SUPPORTED,
LZ,Linux_CPU,Busy_CPU,,host,,cpu.used,,,avg,,percentage,,SUPPORTED,
LZ,Linux_CPU,CPU_ID,,host,entity.process.id,,,,,,dynamicQuery,,SUPPORTED,
LZ,Linux_CPU,Idle_CPU,,,,,,,,,,,NOT_SUPPORTED,
LZ,Linux_CPU,System_CPU,,host,,cpu.sys,,,avg,,percentage,,SUPPORTED,
LZ,Linux_CPU,System_Name,,host,,,,,,,,,SUPPORTED,
LZ,Linux_CPU,User_CPU,,host,,cpu.user,,,avg,,percentage,,SUPPORTED,
LZ,Linux_CPU,Wait_IO_CPU,,host,,cpu.wait,,,avg,,percentage,,SUPPORTED,
LZ,Linux_Disk,Disk_Name,,host,,,fs,,,,linkedAttribute,,SUPPORTED,
LZ,Linux_Disk,Inodes_Used_Percent,,host,,,fs,inodeUsage,,,percentage,,SUPPORTED,
LZ,Linux_Disk,Mount_Point,,host,,,fs_mount,,,,linkedAttribute,,SUPPORTED,
LZ,Linux_Disk,Mount_Point_U,,host,,,fs_mount,,,,linkedAttribute,,SUPPORTED,
LZ,Linux_Disk,Space_Available,,host,,,,free,avg,,value,,SUPPORTED,
LZ,Linux_Disk,Space_Available_Percent,,,,,,,,,,No percentage option,NOT_SUPPORTED,
LZ,Linux_Disk,Space_Used_Percent,,host,,,,used,avg,,percentage,,SUPPORTED,
LZ,Linux_File_Information,Access,,,,,,,,,,,NOT_SUPPORTED,
LZ,Linux_File_Information,File_Content_Changed,,,,,,,,,,,NOT_SUPPORTED,
LZ,Linux_File_Information,File_Name_U,,host,,,fs,,,,linkedAttribute,,SUPPORTED,
LZ,Linux_File_Information,Fully_Qualified_File_Name,,host,,,fs,,,,linkedAttribute,,SUPPORTED,
LZ,Linux_File_Information,Owner_U,,,,,,,,,,,NOT_SUPPORTED,
LZ,Linux_File_Information,Path_U,,host,,,fs,,,,linkedAttribute,,SUPPORTED,
LZ,Linux_File_Information,Size_MB_64,,,,,fs_mount,,,,linkedAttribute,,SUPPORTED,
LZ,Linux_File_Information,System_Name,,host,,,fs,,,,linkedAttribute,,SUPPORTED,
LZ,Linux_File_Pattern,File_Name,,host,,,fs,,,,linkedAttribute,,SUPPORTED,
LZ,Linux_File_Pattern,Match_Count,,,,,,,,,,??,TODO,
LZ,Linux_File_Pattern,Match_Option,,,,,,,,,,??,TODO,
LZ,Linux_File_Pattern,Match_Pattern,,host,,,fs,,,contains,linkedAttribute,,SUPPORTED,
LZ,Linux_Machine_Information,Number_of_Processors_Online,,process,entity.host.cpu.count,,,,,,dynamicQuery,,SUPPORTED,
LZ,Linux_Network,Collision_Percent,,host,,tcp.fails,,,avg,,percentage,,SUPPORTED,
LZ,Linux_Network,Input_Packets_Dropped,,,,,,,,,,,NOT_SUPPORTED,
LZ,Linux_Network,Interface_Status,,,,,,,,,,,NOT_SUPPORTED,
LZ,Linux_Network,Total_Error_Percent,,host,,tcp.errors,,,avg,,percentage,,SUPPORTED,
LZ,Linux_NFS_Statistics,NFS_Get_Attribute_Calls_Pct,,,,,,,,,,,NOT_SUPPORTED,
LZ,Linux_NFS_Statistics,NFS_Read_Calls_Pct,,,,,,,,,,No percentage option,NOT_SUPPORTED,
LZ,Linux_NFS_Statistics,NFS_Read_Link_Pct,,,,,,,,,,No percentage option,NOT_SUPPORTED,
LZ,Linux_NFS_Statistics,NFS_Writes_Pct,,,,,,,,,,No percentage option,NOT_SUPPORTED,
LZ,Linux_OS_Config,OS_Vendor,,host,entity.host.os.name,,,,,,dynamicQuery,"e.g. conversion required => 2008==entity.host.os.name:""Windows Server 2008"" ",SUPPORTED,
LZ,Linux_Process,Busy_CPU_Pct,,host,,cpu.used,,,avg,,percentage,,SUPPORTED,
LZ,Linux_Process,Proc_CMD_Line,,process,entity.process.exec,,,,,,dynamicQuery,,SUPPORTED,
LZ,Linux_Process,Process_Command_Name,,process,entity.process.exec,,,,,,dynamicQuery,,SUPPORTED,
LZ,Linux_Process,Process_Command_Name_U,,process,entity.process.exec,,,,,,dynamicQuery,,SUPPORTED,
LZ,Linux_Process,State,,,,,,,,,,,NOT_SUPPORTED,
LZ,Linux_Process,System_Name,,host,,,fs,,,,linkedAttribute,,SUPPORTED,
LZ,Linux_RPC_Statistics,RPC_Client_Calls_Retransmitted,,,,,,,,,,,NOT_SUPPORTED,
LZ,Linux_RPC_Statistics,RPC_Server_Calls_Rejected,,,,,,,,,,,NOT_SUPPORTED,
LZ,Linux_System_Statistics,Pages_paged_in_per_sec,,host,,memory.pageIn,,,avg,,value,,SUPPORTED,
LZ,Linux_System_Statistics,Pages_paged_out_per_sec,,host,,memory.pageOut,,,avg,,value,,SUPPORTED,
LZ,Linux_System_Statistics,Processes_Zombie_Count,,,,,,,,,,,NOT_SUPPORTED,
LZ,Linux_VM_Stats,Swap_Space_Used,,host,,memory.swapUsed,,,avg,,percentage,,SUPPORTED,
MQ,Application_Connections,UOW_State,,,,,,,,,,,NOT_SUPPORTED,
MQ,Application_Transaction/Program_Statistics,Average_MQ_Response_Time,,,,,,,,,,,TODO,
MQ,Application_Transaction/Program_Statistics,Messages_Put,,,,,,,,,,,TODO,
MQ,Application_Transaction/Program_Statistics,Percent_MQI_Failures,,,,,,,,,,,TODO,
MQ,Buffer_Pools,GetPage_I/O_Percent,,,,,,,,,,,TODO,
MQ,Buffer_Pools,MQ_Manager_Name,,ibmMqQueueManager,entity.ibmmq.qm.name,,,,,,dynamicQuery,,SUPPORTED,
MQ,Buffer_Pools,Percent_Available_Buffers,,,,,,,,,,,NOT_SUPPORTED,
MQ,Buffer_Pools,Pool_ID,,,,,,,,,,,TODO,
MQ,Channel_Definitions,Alter_Date_and_Time,,,,,,,,,,,NOT_SUPPORTED,
MQ,Channel_Definitions,Cluster_Channel_Definition_Type,,ibmMqChannel,entity.ibmmq.channel.type,,,,,,dynamicQuery,,SUPPORTED,
MQ,Channel_Definitions,Cluster_Qmgr_Suspend,,ibmMqChannel,,channelStatusMetric,,,avg,,enumConversion,,SUPPORTED,
MQ,Channel_Definitions,Cluster_Queue_Manager,,ibmMqChannel,entity.ibmmq.qm.name,,,,,,dynamicQuery,,SUPPORTED,
MQ,Channel_Initiator_Detail,Chan_Conn_Current,,,,,,,,,,,TODO,
MQ,Channel_Initiator_Detail,Chan_Init_Active,,ibmMqChannel,,channelStatusMetric,,,avg,,enumConversion,,SUPPORTED,
MQ,Channel_Initiator_Detail,Host_Name,,ibmMqChannel,entity.tag,,,,,,dynamicQuery,,SUPPORTED,
MQ,Channel_Initiator_Detail,MQ_Manager_Name,,ibmMqChannel,entity.ibmmq.qm.name,,,,,,dynamicQuery,,SUPPORTED,
MQ,Channel_Initiator_Detail,Number_of_Group_TCPIP_Listeners_Retrying,,ibmMqListener,,listenerStatusMetric,,,avg,,enumConversion,,SUPPORTED,
MQ,Channel_Initiator_Detail,TCP_IP_Group_Listener_Active,,ibmMqListener,,listenerStatusMetric,,,avg,,enumConversion,,SUPPORTED,
MQ,Channel_Initiator_Detail,TCP_IP_Listener_Active,,ibmMqListener,,listenerStatusMetric,,,avg,,enumConversion,,SUPPORTED,
MQ,Channel_Statistics,Batches_Complete,,,,,,,,,,,TODO,
MQ,Channel_Statistics,Channel_Name,,ibmMqChannel,entity.ibmmq.channel.name,,,,,,dynamicQuery,,SUPPORTED,
MQ,Channel_Statistics,Channel_Status,,ibmMqChannel,,channelStatusMetric,,,avg,,enumConversion,,SUPPORTED,
MQ,Channel_Statistics,Channel_Type,,ibmMqChannel,entity.ibmmq.channel.type,,,,,,dynamicQuery,,SUPPORTED,
MQ,Channel_Statistics,Connection_Name,,ibmMqChannel,entity.ibmmq.channel.name,,,,,,dynamicQuery,,SUPPORTED,
MQ,Channel_Statistics,Currently_Defined,,,,,,,,,,,TODO,
MQ,Channel_Statistics,In-Doubt_Status,In-Doubt ,ibmMqChannel,,channelInDoubtMetric,,,avg,,,>=1,SUPPORTED,
MQ,Channel_Statistics,Long_Retries,,,,,,,,,,,TODO,
MQ,Channel_Statistics,Message_Count,,ibmMqQueue,,messagesIn,,,avg,,value,,SUPPORTED,
MQ,Channel_Statistics,MQ_Manager_Name,,ibmMqQueueManager,entity.ibmmq.qm.name,,,,,,dynamicQuery,,SUPPORTED,
MQ,Channel_Statistics,Short_Term_Transmit_Queue_Time,,ibmMqQueue,,onQueueMessageTime,,,avg,,value,,SUPPORTED,
MQ,Channel_Statistics,Transmission_Queue_Depth,,ibmMqChannel,,messagesAvailable,,,avg,,value,,SUPPORTED,
MQ,Channel_Statistics,Transmission_Queue_Messages_Available,,ibmMqChannel,,messagesAvailable,,,avg,,value,,SUPPORTED,
MQ,Channel_Statistics,Transmission_Queue_Name,,ibmMqChannel,entity.ibmmq.queue.name,,,,,,dynamicQuery,,SUPPORTED,
MQ,Channel_Statistics,Transmit_Kilobytes_per_Second,,ibmMqChannel,,bytesSent,,,avg,,KB2byte,,SUPPORTED,
MQ,Channel_Statistics,Transport_Type,,ibmMqChannel,,,,,,,,ignore?,SUPPORTED,
MQ,Channel_Status,Channel_Name,,ibmMqChannel,entity.ibmmq.channel.name,,,,,,dynamicQuery,,SUPPORTED,
MQ,Channel_Status,Channel_Status,,ibmMqChannel,,channelStatusMetric,,,avg,,enumConversion,,SUPPORTED,
MQ,Channel_Status,Channel_Type,,ibmMqChannel,entity.ibmmq.channel.type,,,,,,dynamicQuery,,SUPPORTED,
MQ,Channel_Status,Connection_Name,,ibmMqChannel,entity.ibmmq.channel.name,,,,,,dynamicQuery,,SUPPORTED,
MQ,Channel_Status,In-Doubt_Status,In-Doubt ,ibmMqChannel,,channelInDoubtMetric,,,avg,,,>=1,SUPPORTED,
MQ,Channel_Status,Transmission_Queue_Messages_Available,,ibmMqChannel,,messagesAvailable,,,avg,,value,,SUPPORTED,
MQ,Channel_Summary,Channel_Name,,ibmMqChannel,entity.ibmmq.channel.name,,,,,,dynamicQuery,,SUPPORTED,
MQ,Channel_Summary,Highest_In-Doubt_Samples,,ibmMqChannel,,channelInDoubtMetric,,,avg,,,,SUPPORTED,
MQ,Channel_Summary,Maximum_Instances,,,,,,,,,,,NOT_SUPPORTED,
MQ,Channel_Summary,Percent_Maximum_Instances,,,,,,,,,,,NOT_SUPPORTED,
MQ,Channel_Summary,Percent_Maximum_Instances_per_Client,,,,,,,,,,,NOT_SUPPORTED,
MQ,Current_Events,Application_Type,,ibmMqQueue,entity.application.name,,,,,,dynamicQuery,,SUPPORTED,
MQ,Current_Events,Event,Queue_Depth_High,ibmMqQueue,,queueDepth,,,avg,0.8,value,,SUPPORTED,
MQ,Current_Events,Event_Qualifier,Queue_Depth_High,ibmMqQueue,,queueDepth,,,avg,0.8,value,,SUPPORTED,
MQ,Current_Events,Reporting_MQ_Manager_Name,,ibmMqQueueManager,entity.ibmmq.qm.name,,,,,,dynamicQuery,,SUPPORTED,
MQ,Current_Events,Resource_Name,,ibmMqQueue,entity.ibmmq.queue.name,,,,,,dynamicQuery,,SUPPORTED,
MQ,Current_Queue_Manager_Status,Channel_Initiator_Status,,ibmMqQueueManager,,chInitStatus,,,avg,,enumConversion,,SUPPORTED,
MQ,Current_Queue_Manager_Status,Connection_Count,,ibmMqQueueManager,,connectionCount,,,avg,,value,,SUPPORTED,
MQ,Current_Queue_Manager_Status,Current_Channel_Connections,,ibmMqChannel,,activeConversations,,,avg,,,,SUPPORTED,
MQ,Current_Queue_Manager_Status,MQ_Manager_Name,,ibmMqQueueManager,entity.ibmmq.qm.name,,,,,,dynamicQuery,,SUPPORTED,
MQ,Current_Queue_Manager_Status,MQ_Manager_Status,,ibmMqQueueManager,,statusMetric,,,avg,,enumConversion,,SUPPORTED,
MQ,Current_Queue_Manager_Status,MQ_Manager_Type,,ibmMqQueueManager,entity.ibmmq.qm.type,,,,,,dynamicQuery,,SUPPORTED,
MQ,Current_Queue_Manager_Status,Percent_Maximum_Active_Channels,,,,,,,,,,,NOT_SUPPORTED,
MQ,Current_Queue_Manager_Status,Percent_Maximum_Channels,,,,,,,,,,,NOT_SUPPORTED,
MQ,Current_Queue_Manager_Status,Queue_Manager_Status,,ibmMqQueueManager,,statusMetric,,,avg,,enumConversion,,SUPPORTED,
MQ,Error_Log,Explanation_U,,,,,,,,,,,ROADMAP,Generic Log Monitoring
MQ,Error_Log,Host_Name,,ibmMqListener,entity.tag,,,,,,dynamicQuery,,SUPPORTED,Generic Log Monitoring
MQ,Error_Log,Involved_Object,,,,,,,,,,,ROADMAP,Generic Log Monitoring
MQ,Error_Log,Message_ID,,,,,,,,,,,ROADMAP,Generic Log Monitoring
MQ,Error_Log,Message_Text,,,,,,,,,,,ROADMAP,Generic Log Monitoring
MQ,Error_Log,Message_Text_U,,,,,,,,,,,ROADMAP,Generic Log Monitoring
MQ,Error_Log,MQ_Manager_Name,,ibmMqQueueManager,entity.ibmmq.qm.name,,,,,,dynamicQuery,,SUPPORTED,Generic Log Monitoring
MQ,Listener_Status,Host_Name,,ibmMqListener,entity.tag,,,,,,dynamicQuery,,SUPPORTED,
MQ,Listener_Status,Inbound_Transmission_Disposition,,,,,,,,,,,NOT_SUPPORTED,
MQ,Listener_Status,Listener_Name,,ibmMqListener,entity.ibmmq.listener.name,,,,avg,,dynamicQuery,,SUPPORTED,
MQ,Listener_Status,MQ_Manager_Name,,ibmMqQueueManager,entity.ibmmq.qm.name,,,,,,dynamicQuery,,SUPPORTED,
MQ,Listener_Status,Start/Stop_Control,,,,,,,,,,,NOT_SUPPORTED,
MQ,Listener_Status,Status,,ibmMqListener,,listenerStatusMetric,,,avg,,enumConversion,,SUPPORTED,
MQ,Listener_Status,Transport_Type,,ibmMqListener,,,,,,,,ignore?,SUPPORTED,
MQ,Log_Data_Set_Status,UOW_Start_RBA,,,,,,,,,,,TODO,
MQ,Managers,Active_Channels,,,,,,,,,,,NOT_SUPPORTED,
MQ,Managers,Active_Logs_Available,,,,,,,,,,,NOT_SUPPORTED,
MQ,Managers,Active_Server_Connections,,,,,,,,,,,TODO,
MQ,Managers,Archive_Read_Log_Percent,,,,,,,,,,,TODO,
MQ,Managers,DLQ_Depth,,ibmMqQueue,entity.ibmmq.queue.name=DLQ,queueDepth,,,avg,,value,,SUPPORTED,
MQ,Managers,DLQ_Maximum,,ibmMqQueue,entity.ibmmq.queue.name=DLQ,maxQueueDepth,,,avg,,value,,SUPPORTED,
MQ,Managers,Host_Name,,ibmMqQueueManager,entity.ibmmq.qm.activeNode,,,,,,dynamicQuery,,SUPPORTED,
MQ,Managers,Indoubt_Channels,,ibmMqChannel,,channelInDoubtMetric,,,avg,,,,SUPPORTED,
MQ,Managers,Logging_Suspended,,,,,,,,,,,TODO,
MQ,Managers,MQ_Manager_Name,,ibmMqQueueManager,entity.ibmmq.qm.name,,,,,,dynamicQuery,,SUPPORTED,
MQ,Managers,MQ_Manager_Status,,ibmMqQueueManager,,statusMetric,,,avg,,enumConversion,,SUPPORTED,
MQ,Managers,MQ_Manager_Type,,ibmMqQueueManager,entity.ibmmq.qm.type,,,,,,dynamicQuery,,SUPPORTED,
MQ,Managers,Percent_Read_Logs_Delayed,,,,,,,,,,,TODO,
MQ,Managers,Timeout_Count,,,,,,,,,,,NOT_SUPPORTED,
MQ,Managers,Unavailable_Log_Buffer_Waits,,,,,,,,,,,TODO,
MQ,Message_Statistics,Delayed_Messages,,,,,,,,,,,TODO,
MQ,Message_Statistics,Grouping_Mechanism,,,,,,,,,,,TODO,
MQ,Message_Statistics,Host_Name,,ibmMqQueue,entity.tag,,,,,,dynamicQuery,,SUPPORTED,
MQ,Message_Statistics,Latency_Threshold_Seconds,,,,,,,,,,,TODO,
MQ,Message_Statistics,MQ_Manager_Name,,ibmMqQueueManager,entity.ibmmq.qm.name,,,,,,dynamicQuery,,SUPPORTED,
MQ,Message_Statistics,Newest_Message_Seconds,,ibmMqQueue,,oldestMessage,,,avg,,value,,NOT_SUPPORTED,
MQ,Message_Statistics,Oldest_Message_Seconds,,ibmMqQueue,,oldestMessage,,,avg,,value,,SUPPORTED,
MQ,Message_Statistics,Queue_Name,,ibmMqQueue,entity.ibmmq.queue.name,,,,,,dynamicQuery,,SUPPORTED,
MQ,Message_Statistics,Total_Messages,,ibmMqQueue,,messagesIn,,,avg,,value,,SUPPORTED,
MQ,MQSeries_Events,Event,,ibmMqQueue,event.entity.label,,,,,,enumConversion,,SUPPORTED,
MQ,MQSeries_Events,Event_MQ_Manager_Name,,ibmMqQueueManager,entity.ibmmq.qm.name,,,,,,dynamicQuery,,SUPPORTED,
MQ,MQSeries_Events,Event_Qualifier,,,,,,,,,,,NOT_SUPPORTED,
MQ,MQSeries_Events,Event_User_ID,,,,,,,,,,,NOT_SUPPORTED,
MQ,MQSeries_Events,Reporting_Host_Name,,ibmMqQueue,entity.tag,,,,,,dynamicQuery,,SUPPORTED,
MQ,MQSeries_Events,Reporting_MQ_Manager_Name,,ibmMqQueueManager,entity.ibmmq.qm.name,,,,,,dynamicQuery,,SUPPORTED,
MQ,MQSeries_Events,Resource_Name,,ibmMqQueueManager,entity.ibmmq.queue.name,,,,,,dynamicQuery,,SUPPORTED,
MQ,MQSeries_Events,Resource_Name_U,,ibmMqQueueManager,entity.ibmmq.queue.name,,,,,,dynamicQuery,,SUPPORTED,
MQ,Page_Sets,Buffers_In_Use,,,,,,,,,,,TODO,
MQ,Page_Sets,Dataset_Name,,ibmMqQueue,entity.ibmmq.queue.name,,,,,,dynamicQuery,,SUPPORTED,
MQ,Page_Sets,MQ_Manager_Name,,ibmMqQueueManager,entity.ibmmq.qm.name,,,,,,dynamicQuery,,SUPPORTED,
MQ,Page_Sets,Page_Set_ID,,ibmMqQueue,entity.ibmmq.queue.name,,,,,,dynamicQuery,,SUPPORTED,
MQ,Page_Sets,Percent_Pages_In_Use,,ibmMqQueue,,queueFullPercentage,,,avg,,percentage,,SUPPORTED,
MQ,Page_Sets,Status,,ibmMqQueue,,statusMetric,,,avg,,enumConversion,,SUPPORTED,
MQ,Page_Sets,Total_Extents,,ibmMqQueue,,messagesIn,,,avg,,value,,SUPPORTED,
MQ,Publish_Subscribe_Status,MQ_Manager_Name,,ibmMqQueueManager,entity.ibmmq.qm.name,,,,,,dynamicQuery,,SUPPORTED,
MQ,Publish_Subscribe_Status,Publish_Subscribe_Status,,ibmMqQueueManager,,pubsubStatus,,,avg,,enumConversion,,SUPPORTED,
MQ,QSG_Coupling_Facility_Structure_Connections,Connection_Status,,,,,,,,,,,NOT_SUPPORTED,
MQ,QSG_Coupling_Facility_Structures,Percent_List_Entries_Used,,,,,,,,,,,NOT_SUPPORTED,
MQ,QSG_Coupling_Facility_Structures,Percent_Storage_Used,,,,,,,,,,,NOT_SUPPORTED,
MQ,QSG_Coupling_Facility_Structures,Structure_Status,,ibmMqChannel,,channelStatusMetric,,,avg,,enumConversion,,SUPPORTED,
MQ,QSG_QMgrs,DB2_Connection_Status,,ibmMqQueueManager,,statusMetric,,,avg,,enumConversion,,SUPPORTED,
MQ,QSG_QMgrs,Queue_Manager_Status,,ibmMqQueueManager,,statusMetric,,,avg,,enumConversion,,SUPPORTED,
MQ,QSG_Queues,Current_Depth,,ibmMqQueue,,queueDepth,,,avg,,value,,SUPPORTED,
MQ,QSG_Queues,Percent_Full,,ibmMqQueue,,queueFullPercentage,,,avg,,percentage,,SUPPORTED,
MQ,QSG_Queues,Queue_Name,,ibmMqQueue,entity.ibmmq.queue.name,,,,,,dynamicQuery,,SUPPORTED,
MQ,Queue_Data,Current_Depth,,ibmMqQueue,,queueDepth,,,avg,,value,,SUPPORTED,
MQ,Queue_Data,Input_Opens,,ibmMqQueue,,openInputCount,,,avg,,value,,SUPPORTED,
MQ,Queue_Data,Put_Status,,ibmMqQueue,,,,,,,enumConversion,,NOT_SUPPORTED,
MQ,Queue_Data,Queue_Name,,ibmMqQueue,entity.ibmmq.queue.name,,,,,,dynamicQuery,,SUPPORTED,
MQ,Queue_Data,Queue_Type,,ibmMqQueue,entity.ibmmq.queue.type,,,,,,dynamicQuery,,SUPPORTED,
MQ,Queue_Statistics,Current_Depth,,ibmMqQueue,,queueDepth,,,avg,,value,,SUPPORTED,
MQ,Queue_Statistics,Get_Status,,ibmMqQueue,,,,,,,enumConversion,,NOT_SUPPORTED,
MQ,Queue_Statistics,Highest_Depth,,ibmMqQueue,,queueDepth,,,max,,value,,SUPPORTED,
MQ,Queue_Statistics,Host_Name,,ibmMqQueue,entity.tag,,,,,,dynamicQuery,,SUPPORTED,
MQ,Queue_Statistics,Input_Opens,,ibmMqQueue,,openInputCount,,,avg,,value,,SUPPORTED,
MQ,Queue_Statistics,Last_Put_Date_and_Time,,,,,,,,,,,NOT_SUPPORTED,
MQ,Queue_Statistics,Last_Read_Date_and_Time,,,,,,,,,,,NOT_SUPPORTED,
MQ,Queue_Statistics,Maximum_Depth,,ibmMqQueue,,maxQueueDepth,,,avg,,value,,SUPPORTED,
MQ,Queue_Statistics,Messages_Put,,,,,,,,,,,NOT_SUPPORTED,
MQ,Queue_Statistics,Messages_Read,,ibmMqQueue,,,,,,,,,NOT_SUPPORTED,
MQ,Queue_Statistics,MQ_Manager_Name,,ibmMqQueueManager,entity.ibmmq.qm.name,,,,,,dynamicQuery,,SUPPORTED,
MQ,Queue_Statistics,Origin_Node,,ibmMqQueue,entity.ibmmq.qm.name,,,,,,dynamicQuery,,SUPPORTED,
MQ,Queue_Statistics,Output_Opens,,ibmMqQueue,,openOutputCount,,,avg,,value,,SUPPORTED,
MQ,Queue_Statistics,Percent_Full,,ibmMqQueue,,queueFullPercentage,,,avg,,percentage,,SUPPORTED,
MQ,Queue_Statistics,Put_Status,,ibmMqQueue,,,,,,,enumConversion,,NOT_SUPPORTED,
MQ,Queue_Statistics,Queue_Description_U,,,,,,,,,,,TODO,
MQ,Queue_Statistics,Queue_Name,,ibmMqQueue,entity.ibmmq.queue.name,,,,,,dynamicQuery,,SUPPORTED,
MQ,Queue_Statistics,Queue_Type,,ibmMqQueue,entity.ibmmq.queue.type,,,,,,dynamicQuery,,SUPPORTED,
MQ,Queue_Statistics,Queue_Usage,,ibmMqQueue,entity.ibmmq.queue.usage,,,,,,enumConversion,,SUPPORTED,
MQ,Queue_Statistics,Total_Opens,,ibmMqQueue,,,,,avg,,value,Use AND condition with InputOpens/Output_Opens??,NOT_SUPPORTED,
MQ,Queue_Statistics,Trigger_Control,,,,,,,,,,,NOT_SUPPORTED,
MQ,Queue_Statistics,Trigger_Type,,,,,,,,,,,NOT_SUPPORTED,
MQ,Queue_Status,Current_Depth,,ibmMqQueue,,queueDepth,,,avg,,value,,SUPPORTED,
MQ,Queue_Status,Input_Opens,,ibmMqQueue,,openInputCount,,,avg,,value,,SUPPORTED,
MQ,Queue_Status,MQ_Manager_Name,,ibmMqQueueManager,entity.ibmmq.qm.name,,,,,,dynamicQuery,,SUPPORTED,
MQ,Queue_Status,Oldest_Message_Age,,ibmMqQueue,,oldestMessage,,,avg,,value,,SUPPORTED,
MQ,Queue_Status,Output_Opens,,ibmMqQueue,,openOutputCount,,,avg,,value,,SUPPORTED,
MQ,Queue_Status,Queue_Name,,ibmMqQueue,entity.ibmmq.queue.name,,,,,,dynamicQuery,,SUPPORTED,
MQ,Queue_Status,Short_Term_Queue_Time,,ibmMqQueue,,onQueueMessageTime,,,avg,,value,,SUPPORTED,
MQ,Queue_Status,Uncommitted_Messages,,ibmMqQueue,,uncommittedMessages,,,avg,,value,,SUPPORTED,
MQ,Subscription_Definitions,Destination_Event,,,,,,,,,,,TODO,
NT,DNS_Query,Total_Query_Received/sec,,,,,,,,,,,TODO,
NT,KCA_Agent_Active_Runtime_Status,Agent_Availability_Status,,hostWinService,,hostWinService,,,avg,,enumConversion,,SUPPORTED,
NT,KCA_Agent_Active_Runtime_Status,PAS_Agent_Name,,hostWinService,entity.host.service.servicename,,,,,,dynamicQuery,,SUPPORTED,
NT,KCA_Agent_Availability_Management_Status,Agent_Management_Status,,hostWinService,,state,,,avg,,enumConversion,,SUPPORTED,
NT,KCA_Agent_Availability_Management_Status,PAS_Agent_Name,,hostWinService,entity.host.service.servicename,,,,,,dynamicQuery,,SUPPORTED,
NT,KCA_Alerts_Table,Alert_Text,,,,,,,,,,,TODO,
NT,KNT_Custom_Scripts,Status_Code,,,,,,,,,,,ROADMAP,Action Catalog
NT,KNT_Custom_Scripts_Rtm_Smp,Attribute_Name,,,,,,,,,,,ROADMAP,Action Catalog
NT,KNT_Custom_Scripts_Rtm_Smp,Cust_Attr_Int1,,,,,,,,,,,ROADMAP,Action Catalog
NT,KNT_Custom_Scripts_Rtm_Smp,Cust_Attr_Str1,,,,,,,,,,,ROADMAP,Action Catalog
NT,KNT_Custom_Scripts_Rtm_Smp,Cust_Attr_Str2,,,,,,,,,,,ROADMAP,Action Catalog
NT,KNT_Custom_Scripts_Rtm_Smp,Cust_Attr_Str3,,,,,,,,,,,ROADMAP,Action Catalog
NT,KNT_Custom_Scripts_Rtm_Smp,Cust_Attr_Str4,,,,,,,,,,,ROADMAP,Action Catalog
NT,KNT_Custom_Scripts_Rtm_Smp,Cust_Attr_Str5,,,,,,,,,,,ROADMAP,Action Catalog
NT,KNT_Custom_Scripts_Rtm_Smp,Standard_Output_String,,,,,,,,,,,ROADMAP,Action Catalog
NT,Knt_pro_Performance_Object_Status,Object_Status,,hostWinService,,state,,,avg,,enumConversion,,SUPPORTED,
NT,NT_Event_Log,Category,,,,,,,,,,,ROADMAP,Log monitoring
NT,NT_Event_Log,Category_U,,,,,,,,,,,ROADMAP,Log monitoring
NT,NT_Event_Log,Computer,,,,,,,,,,,ROADMAP,Log monitoring
NT,NT_Event_Log,Description,,,,,,,,,,,ROADMAP,Log monitoring
NT,NT_Event_Log,Description_U,,,,,,,,,,,ROADMAP,Log monitoring
NT,NT_Event_Log,Event_ID,,,,,,,,,,,ROADMAP,Log monitoring
NT,NT_Event_Log,Event_ID_String,,,,,,,,,,,ROADMAP,Log monitoring
NT,NT_Event_Log,Log_Name,,,,,,,,,,,ROADMAP,Log monitoring
NT,NT_Event_Log,Log_Name_U,,,,,,,,,,,ROADMAP,Log monitoring
NT,NT_Event_Log,Server_Name,,host,entity.host.name,,,,,,dynamicQuery,,SUPPORTED,
NT,NT_Event_Log,Source,,,,,,,,,,,ROADMAP,Log monitoring
NT,NT_Event_Log,Source_U,,,,,,,,,,,ROADMAP,Log monitoring
NT,NT_Event_Log,Type,,,,,,,,,,,ROADMAP,Log monitoring
NT,NT_Event_Log,User,,,,,,,,,,,ROADMAP,Log monitoring
NT,NT_FILE_CHANGE,Action,,,,,,,,,,,ROADMAP,Log monitoring
NT,NT_FILE_CHANGE,Monitor_All_Conditions,,,,,,,,,,,ROADMAP,Log monitoring
NT,NT_FILE_CHANGE,Watch_Directory,,,,,,,,,,,ROADMAP,Log monitoring
NT,NT_FILE_CHANGE,Watch_Directory_U,,,,,,,,,,,ROADMAP,Log monitoring
NT,NT_FILE_CHANGE,Watch_File,,,,,,,,,,,ROADMAP,Log monitoring
NT,NT_FILE_CHANGE,Watch_File_U,,,,,,,,,,,ROADMAP,Log monitoring
NT,NT_FILE_TREND,%_Used,,host,,,fs,used,avg,,percentage,,SUPPORTED,
NT,NT_FILE_TREND,Current_Size,,,,,,,,,,Not found,NOT_SUPPORTED,
NT,NT_FILE_TREND,Current_Size_64,,,,,,,,,,Not found,NOT_SUPPORTED,
NT,NT_FILE_TREND,Watch_Directory,,,,,,,,,,,ROADMAP,Log monitoring
NT,NT_FILE_TREND,Watch_Directory_U,,,,,,,,,,,ROADMAP,Log monitoring
NT,NT_FILE_TREND,Watch_File,,,,,,,,,,,ROADMAP,Log monitoring
NT,NT_FILE_TREND,Watch_File_U,,,,,,,,,,,ROADMAP,Log monitoring
NT,NT_Logical_Disk,%_Free,,,,,,,,,,No percentage option,NOT_SUPPORTED,
NT,NT_Logical_Disk,%_Used,,host,,,fs,used,avg,,percentage,,SUPPORTED,
NT,NT_Logical_Disk,Disk_Name,,host,,,fs,,,,linkedAttribute,,SUPPORTED,
NT,NT_Logical_Disk,Free_Megabytes,,host,,,fs,free,avg,,MB2Kbyte,,SUPPORTED,
NT,NT_Logical_Disk,Server_Name,,host,,,fs,,,,linkedAttribute,,SUPPORTED,
NT,NT_Logical_Disk,Total_Size,,,,,,,,,,Not found,NOT_SUPPORTED,
NT,NT_Memory,Available_Bytes,,host,,memory.available,,,avg,,KB2byte,,SUPPORTED,
NT,NT_Memory,Available_Usage_Percentage,,host,,memory.free,,,avg,,percentage,,SUPPORTED,
NT,NT_Memory,Cache_Bytes,,host,,memory.cached,,,avg,,value,,SUPPORTED,
NT,NT_Memory,Cache_Usage_Percentage,,,,,,,,,,No percentage option,NOT_SUPPORTED,
NT,NT_Memory,Memory_Usage_Percentage,,host,,memory.used,,,avg,,percentage,,SUPPORTED,
NT,NT_Memory,Pages_Input_Per_Sec,,host,,memory.pageIn,,,avg,,value,,SUPPORTED,
NT,NT_Memory,Pages_Ouput_Per_Sec,,host,,memory.pageOut,,,avg,,value,,SUPPORTED,
NT,NT_Memory,Pages/sec,,host,,memory.pageOut,,,,,value,,SUPPORTED,
NT,NT_Memory_64,Available_Bytes,,host,,memory.available,,,avg,,value,,SUPPORTED,
NT,NT_Memory_64,Available_kBytes,,host,,memory.available,,,avg,,KB2byte,,SUPPORTED,
NT,NT_Memory_64,Available_Usage_Percentage,,host,,memory.free,,,avg,,percentage,,SUPPORTED,
NT,NT_Memory_64,Cache_Bytes,,host,,memory.cached,,,avg,,value,,SUPPORTED,
NT,NT_Memory_64,Memory_Usage_Percentage,,host,,memory.used,,,avg,,percentage,,SUPPORTED,
NT,NT_Memory_64,Pages_Input_Per_Sec,,host,,memory.pageIn,,,avg,,value,,SUPPORTED,
NT,NT_Memory_64,Pages_Ouput_Per_Sec,,host,,memory.pageOut,,,avg,,value,,SUPPORTED,
NT,NT_Memory_64,Pages/sec,,host,,memory.pageOut,,,,,value,,SUPPORTED,
NT,NT_Memory_64,Pool_Nonpaged_Bytes,,host,,memory.nonComputational,,,,,value,,SUPPORTED,
NT,NT_Monitored_Logs_Report,%_Usage,,,,,,,,,,,ROADMAP,Log monitoring
NT,NT_Network_Port,Local_Host_Name,,host,entity.host.name,,,,,,dynamicQuery,,SUPPORTED,
NT,NT_Network_Port,Local_Port,,,,,,,,,,,NOT_SUPPORTED,
NT,NT_Network_Port,Protocol,,,,,,,,,,,NOT_SUPPORTED,
NT,NT_Network_Port,Remote_Host_Name,,host,entity.remote.host.name,,,,,,dynamicQuery,,SUPPORTED,
NT,NT_Network_Port,State,,,,,,,,,,No option,NOT_SUPPORTED,
NT,NT_Objects,Processes,,process,entity.host.cpu.count,,,,,,dynamicQuery,,SUPPORTED,
NT,NT_Paging_File,Pagefile_Name,,,,,,,,,,,NOT_SUPPORTED,
NT,NT_Paging_File,Pagefile_Name_U,,,,,,,,,,,NOT_SUPPORTED,
NT,NT_Paging_File,process,,process,entity.process.exec,,,,,,dynamicQuery,,SUPPORTED,
NT,NT_Physical_Disk,%_Disk_Time,,host,,,fs,used,avg,,percentage,,SUPPORTED,
NT,NT_Physical_Disk,Avg_Disk_Milliseconds/Transfer,,host,,,fs,reads,avg,,,,SUPPORTED,
NT,NT_Physical_Disk,Disk_Name,,host,,,fs,,,,linkedAttribute,,SUPPORTED,
NT,NT_Process,%_Processor_Time,,host,,cpu.used,,,avg,,percentage,,SUPPORTED,
NT,NT_Process,Avg_%_Processor_Time,,host,,cpu.sys,,,avg,,percentage,,SUPPORTED,
NT,NT_Process,Priority_Base,,process,event.severity,,,,,,dynamicQuery,,SUPPORTED,
NT,NT_Process,Process_Name,,process,entity.process.exec,,,,,,dynamicQuery,,SUPPORTED,
NT,NT_Process,Server_Name,,process,entity.host.name,,,,,,dynamicQuery,,SUPPORTED,
NT,NT_Process,Working_Set,,host,,memory.available,,,avg,,KB2byte,,SUPPORTED,
NT,NT_Process,Working_Set_kBytes,,host,,memory.available,,,avg,,KB2byte,,SUPPORTED,
NT,NT_Process_64,%_Processor_Time,,host,,cpu.sys,,,avg,,percentage,,SUPPORTED,
NT,NT_Process_64,Avg_%_Processor_Time,,host,,cpu.sys,,,avg,,percentage,,SUPPORTED,
NT,NT_Process_64,Binary_Path,,process,entity.process.exec,,,,,,dynamicQuery,,SUPPORTED,
NT,NT_Process_64,Priority_Base,,process,event.severity,,,,,,dynamicQuery,,SUPPORTED,
NT,NT_Process_64,Private_kBytes,,host,,memory.cached,,,avg,,KB2byte,,SUPPORTED,
NT,NT_Process_64,Process_Count,,process,entity.host.cpu.count,,,,,,dynamicQuery,,SUPPORTED,
NT,NT_Process_64,Process_Name,,process,entity.process.exec,,,,,,dynamicQuery,,SUPPORTED,
NT,NT_Process_64,Server_Name,,process,entity.host.name,,,,,,dynamicQuery,,SUPPORTED,
NT,NT_Process_64,User,,,,,,,,,,Not found,NOT_SUPPORTED,
NT,NT_Process_64,Virtual_kBytes,,host,,memory.virtualTotal,,,avg,,KB2byte,,SUPPORTED,
NT,NT_Process_64,Working_Set,,host,,memory.available,,,avg,,KB2byte,,SUPPORTED,
NT,NT_Process_64,Working_Set_kBytes,,host,,memory.available,,,avg,,KB2byte,,SUPPORTED,
NT,NT_Processor,%_Processor_Time,,host,,cpu.used,,,avg,,percentage,,SUPPORTED,
NT,NT_Processor,Interrupts/sec,,,,,,,,,,,TODO,
NT,NT_Processor,Processor,,process,entity.process.exec,,,,,,dynamicQuery,,SUPPORTED,
NT,NT_Processor_Information,Processor_Address_Width,,,,,,,,,,Not found,NOT_SUPPORTED,
NT,NT_Server,Server_Name,,host,entity.host.name,,,,,,dynamicQuery,,SUPPORTED,
NT,NT_Services,Binary_Path_U,,process,entity.process.exec,,,,,,dynamicQuery,,SUPPORTED,
NT,NT_Services,Current_State,,hostWinService,,state,,,avg,,enumConversion,,SUPPORTED,
NT,NT_Services,Display_Name,,hostWinService,entity.host.service.displayname,,,,,,dynamicQuery,,SUPPORTED,
NT,NT_Services,Display_Name_U,,hostWinService,entity.host.service.displayname,,,,,,dynamicQuery,,SUPPORTED,
NT,NT_Services,Server_Name,,host,entity.host.name,,,,,,dynamicQuery,,SUPPORTED,
NT,NT_Services,Service_Name,,hostWinService,entity.host.service.servicename,,,,,,dynamicQuery,,SUPPORTED,
NT,NT_Services,Service_Name_U,,hostWinService,entity.host.service.servicename,,,,,,dynamicQuery,,SUPPORTED,
NT,NT_Services,Start_Type,,,,,,,,,,Not found,NOT_SUPPORTED,
NT,NT_System,%_Total_Processor_Time,,host,,cpu.used,,,avg,,percentage,,SUPPORTED,
NT,NT_System,Context_Switches/Sec,,host,,ctxt,,,avg,,value,,SUPPORTED,
NT,NT_System,File_Data_Operations/Sec,,host,,,fs_mount,iops,,,,,SUPPORTED,
NT,NT_System,Number_of_Processors,,process,entity.host.cpu.count,,,,,,dynamicQuery,,SUPPORTED,
NT,NT_System,Operating_System_Type,,host,entity.host.os.name,,,,,,dynamicQuery,"e.g. conversion required => 2008==entity.host.os.name:""Windows Server 2008"" ",SUPPORTED,
NT,NT_System,Operating_System_Version,,host,entity.host.os.version,,,,,,dynamicQuery,,SUPPORTED,
NT,NT_System,Processor_Queue_Length,,host,,cpu.wait,,,avg,,percentage2count??,,NOT_SUPPORTED,
NT,NT_System,System_Up_Days,,,,,,,,,,,TODO,
NT,NT_System,System_Up_Time_64,,,,,,,,,,,TODO,
NT,NT_System,Total_Interrupts/Sec,,,,,,,,,,,TODO,
NT,NT_System,Total_Memory_Size,,host,,memory.virtualTotal,,,avg,,value,,SUPPORTED,
NT,TCP_Statistics,Segments_Retransmitted/sec,,,,,,,,,,,TODO,
OY,Sybase_Process_Summary,Percent_Processes_Lock_Sleep,,,,,,,,,,,NOT_SUPPORTED,
OY,Sybase_Process_Summary,Percent_Processes_Other_Sleep,,,,,,,,,,,NOT_SUPPORTED,
OY,Sybase_Process_Summary,Percent_Processes_Stopped,,,,,,,,,,,NOT_SUPPORTED,
OY,Sybase_Process_Summary,Total_Log_Suspend,,,,,,,,,,,NOT_SUPPORTED,
OY,Sybase_Process_Summary,Total_Processes_Bad,,,,,,,,,,,NOT_SUPPORTED,
OY,Sybase_Process_Summary,Total_Processes_Blocked,,,,,,,,,,,NOT_SUPPORTED,
OY,Sybase_Process_Summary,Total_Processes_Infected,,,,,,,,,,,NOT_SUPPORTED,
OY,Sybase_Process_Summary,Total_Processes_Lock_Sleep,,,,,,,,,,,NOT_SUPPORTED,
OY,Sybase_Process_Summary,Total_Processes_Other_Sleep,,,,,,,,,,,NOT_SUPPORTED,
OY,Sybase_Process_Summary,Total_Processes_Stopped,,,,,,,,,,,NOT_SUPPORTED,
OY,Sybase_Server_Summary,Collection_Status,,,,,,,,,,,NOT_SUPPORTED,
OY,Sybase_Server_Summary,Percent_Max_Locks,,,,,,,,,,,NOT_SUPPORTED,
OY,Sybase_Server_Summary,Server_Status,,,,,,,,,,,NOT_SUPPORTED,
OY,Sybase_Server_Summary,Time_Since_Startup,,,,,,,,,,,NOT_SUPPORTED,
OY,Sybase_Server_Summary,Total_OS_CPU_Percent,,,,,,,,,,,NOT_SUPPORTED,
OY,Sybase_Statistics_Summary,IO_Errors_Current_Interval,,,,,,,,,,,NOT_SUPPORTED,
OY,Sybase_Statistics_Summary,IO_Errors_Since_Startup,,,,,,,,,,,NOT_SUPPORTED,
OY,Sybase_Statistics_Summary,Percent_IO_Errors_Current_Interval,,,,,,,,,,,NOT_SUPPORTED,
OY,Sybase_Statistics_Summary,Percent_Max_Logons_Active,,,,,,,,,,,NOT_SUPPORTED,
OY,Sybase_Statistics_Summary,Total_OS_IO_Percent_Busy,,,,,,,,,,,NOT_SUPPORTED,
PH,KPH_CPU_SUMMARY,Idle_CPU_Pct,,phmcVIOS,,idleProcUnits,,,avg,,value,,SUPPORTED,
PH,KPH_FILE_SYSTEMS,Used_Pct,,phmcLPAR,,utilizedProcUnits,,,avg,,percentage,,SUPPORTED,
PH,KPH_HARDWARE_EVENTS,Severity,,phmcSystem,event.severity,,,,,,dynamicQuery,enumConversion,SUPPORTED,
PH,KPH_PAGING_SPACE,Used_Pct,,phmcLPAR,,utilizedProcUnits,,,avg,,percentage,,SUPPORTED,
PH,KPH_PROCESSES_DETAIL,CPU_Pct,,phmcLPAR,,utilizedProcUnits,,,avg,,percentage,,SUPPORTED,
PH,KPH_SERVER_CPU_POOLS,CPU_Used_Pct,,phmcSharedProcessorPool,,utilizedProcUnits,,,avg,,percentage,,SUPPORTED,
PH,KPH_SERVER_DETAILS,CPU_Used_Pct,,phmcLPAR,,utilizedProcUnits,,,avg,,percentage,,SUPPORTED,
PH,KPH_SERVER_LPARS,Available_Pool_CPU_Units,,phmcSystem,,availableProcUnits,,,avg,,value,,SUPPORTED,
PH,KPH_SERVER_LPARS,Capped_Mode,,phmcLPAR,,utilizedCappedProcUnits,,,avg,,value,,SUPPORTED,
PH,KPH_SERVER_LPARS,Entitled_Capacity_Used_Pct,,phmcLPAR,,entitledProcUnits,,,avg,,value,,SUPPORTED,
PH,KPH_SERVER_LPARS,Max_CPU_Capacity_Used_Pct,,phmcLPAR,,maxCPUCapacityUtilisation,,,avg,,value,,SUPPORTED,
QF,KQF_ASP_NET,Requests_Current,,,,,,,,,,,,
QF,KQF_ASP_NET,Requests_Queued,,,,,,,,,,,,
QF,KQF_ASP_NET,Worker_Process_Restarts,,,,,,,,,,,,
QF,KQF_ASP_NET_64_BIT,Requests_Current,,,,,,,,,,,,
QF,KQF_ASP_NET_64_BIT,Requests_Queued,,,,,,,,,,,,
QF,KQF_ASP_NET_64_BIT,Worker_Process_Restarts,,,,,,,,,,,,
QF,KQF_ASP_NET_APPLICATIONS,Name,,netCoreRuntimePlatform,entity.netcore.app.name,,,,,,,,SUPPORTED,
QF,KQF_ASP_NET_APPLICATIONS,Request_Execution_Time,,,,,,,,,,,,
QF,KQF_ASP_NET_APPLICATIONS,Request_Wait_Time,,,,,,,,,,,,
QF,KQF_ASP_NET_APPLICATIONS,Requests_Rejected,,,,,,,,,,,,
QF,KQF_ASP_NET_APPLICATIONS_64_BIT,Name,,netCoreRuntimePlatform,entity.netcore.app.name,,,,,,,,SUPPORTED,
QF,KQF_ASP_NET_APPLICATIONS_64_BIT,Request_Execution_Time,,,,,,,,,,,,
QF,KQF_ASP_NET_APPLICATIONS_64_BIT,Request_Wait_Time,,,,,,,,,,,,
QF,KQF_ASP_NET_APPLICATIONS_64_BIT,Requests_Rejected,,,,,,,,,,,,
QF,KQF_ASP_NET_APPS_FILTER,Name,,netCoreRuntimePlatform,entity.netcore.app.name,,,,,,,,SUPPORTED,
QF,KQF_ASP_NET_APPS_FILTER,Request_Execution_Time,,,,,,,,,,,,
QF,KQF_ASP_NET_APPS_FILTER,Request_Wait_Time,,,,,,,,,,,,
QF,KQF_ASP_NET_APPS_FILTER,Requests_Rejected,,,,,,,,,,,,
QF,KQF_ASP_NET_FILTER,Requests_Current,,,,,,,,,,,,
QF,KQF_ASP_NET_FILTER,Requests_Queued,,,,,,,,,,,,
QF,KQF_ASP_NET_FILTER,Worker_Process_Restarts,,,,,,,,,,,,
QF,KQF_EVENT_LOG,Event_ID,,,,,,,,,,,,
QF,KQF_EVENT_LOG,Event_Source,,,,,,,,,,,,
QF,KQF_NET_CLR_EXCEPTIONS,Name,,netCoreRuntimePlatform,entity.netcore.app.name,,,,,,,,SUPPORTED,
QF,KQF_NET_CLR_EXCEPTIONS,Number_of_Exceps_Thrown_Per_Sec,,,,,,,,,,,,
QF,KQF_NET_CLR_JIT,Name,,netCoreRuntimePlatform,entity.netcore.runtime.version,,,,,,,,SUPPORTED,
QF,KQF_NET_CLR_JIT,Standard_Jit_Failures,,,,,,,,,,,,
QF,KQF_NET_CLR_LOADING,Change_in_Bytes_in_Loader_Heap,,,,,,,,,,,,
QF,KQF_NET_CLR_LOADING,Name,,netCoreRuntimePlatform,entity.netcore.app.name,,,,,,,,SUPPORTED,
QF,KQF_NET_CLR_MEMORY,Allocated_Bytes_Per_Sec,,,,,,,,,,,,
QF,KQF_NET_CLR_MEMORY,Change_in_GC_Handles,,,,,,,,,,,,
QF,KQF_NET_CLR_MEMORY,Change_in_Gen_2_Heap_size,,,,,,,,,,,,
QF,KQF_NET_CLR_MEMORY,Change_in_Large_Object_Heap_size,,,,,,,,,,,,
QF,KQF_NET_CLR_MEMORY,Gen_1_Collections,,netCoreRuntimePlatform,,metrics.heapSizeGen1,,,avg,,value,,SUPPORTED,
QF,KQF_NET_CLR_MEMORY,Gen_2_Collections,,netCoreRuntimePlatform,,metrics.heapSizeGen2,,,avg,,value,,SUPPORTED,
QF,KQF_NET_CLR_MEMORY,Induced_GC,,,,,,,,,,,,
QF,KQF_NET_CLR_MEMORY,Name,,netCoreRuntimePlatform,entity.netcore.app.name,,,,,,,,SUPPORTED,
QF,KQF_NET_CLR_MEMORY,Number_of_Pinned_Objects,,,,,,,,,,,,
QF,KQF_NET_CLR_MEMORY,Percent_Time_in_GC,,,,,,,,,,,,
QF,KQF_NET_CLR_THREADS,Name,,netCoreRuntimePlatform,entity.netcore.app.name,,,,,,,,SUPPORTED,
QF,KQF_NET_CLR_THREADS,Number_of_Current_Logical_Threads,,netCoreRuntimePlatform,,metrics.contentionCount,,,avg,,value,,SUPPORTED,
QF,KQF_NET_PROCESS,Handle_Count,,,,,,,,,,,,
QF,KQF_SERVICE_MODEL_SERVICE,Percent_Of_Max_Concurrent_Calls,,,,,,,,,,,,
QF,KQF_SERVICE_MODEL_SERVICE,Queued_Messages_Dropped_Delta,,,,,,,,,,,,
QF,KQF_SERVICE_MODEL_SERVICE,Queued_Messages_Rejected_Delta,,,,,,,,,,,,
QF,KQF_SERVICE_MODEL_SERVICE,Queued_Poison_Messages_Delta,,,,,,,,,,,,
QF,KQF_SERVICE_MODEL_SERVICE_FILTER,Percent_Of_Max_Concurrent_Calls,,,,,,,,,,,,
QF,KQF_SERVICE_MODEL_SERVICE_FILTER,Queued_Messages_Dropped_Delta,,,,,,,,,,,,
QF,KQF_SERVICE_MODEL_SERVICE_FILTER,Queued_Messages_Rejected_Delta,,,,,,,,,,,,
QF,KQF_SERVICE_MODEL_SERVICE_FILTER,Queued_Poison_Messages_Delta,,,,,,,,,,,,
QI,Broker_Information,Broker_Status,,aceMessageFlow,,stateMetrics,,,avg,,enumConversion,,SUPPORTED,
QI,Broker_Information,Queue_Manager_Connection_Status,,aceIntegrationServer,,qmStateMetrics,,,avg,,enumConversion,,SUPPORTED,
QI,Broker_Status,Broker_Status,,aceIntegrationServer,,stateMetrics,,,avg,,enumConversion,,SUPPORTED,
QI,Broker_Status,Queue_Manager_Connection_Status,,aceIntegrationServer,,qmStateMetrics,,,avg,,enumConversion,,SUPPORTED,
QI,Execution_Group_Status,Execution_Group_U,,aceIntegrationServer,entity.ace.messageFlow.integrationServer.name,,,,,,dynamicQuery,,SUPPORTED,
QI,Execution_Group_Status,Status,,aceIntegrationServer,,stateMetrics,,,avg,,enumConversion,,SUPPORTED,
QI,Execution_Group_Status,Total_Message_Flows,,aceMessageFlow,,totalInputMsgs,,,,,value,,SUPPORTED,
QI,Message_Flow_Information,Status,,aceMessageFlow,,stateMetrics,,,avg,,enumConversion,,SUPPORTED,
QI,Message_Flow_Status,Application_U,,aceMessageFlow,entity.application.name,,,,,,dynamicQuery,,SUPPORTED,
QI,Message_Flow_Status,Execution_Group_U,,aceMessageFlow,entity.ace.messageFlow.integrationServer.name,,,,,,dynamicQuery,,SUPPORTED,
QI,Message_Flow_Status,Message_Flow_U,,aceMessageFlow,entity.ace.messageFlow.name,,,,,,dynamicQuery,,SUPPORTED,
QI,Message_Flow_Status,Status,,aceMessageFlow,,stateMetrics,,,avg,,enumConversion,,SUPPORTED,
R2,KR2_DISK,Percentage_of_Available_Disk_Space,,,,,,,,,,No percentage option,NOT_SUPPORTED,
R2,KR2_LOGICAL_DISK,Pct_Free_Space,,,,,,,,,,No percentage option,NOT_SUPPORTED,
R2,KR2_MEMORY,Percentage_of_Available_Memory,,,,,,,,,,No percentage option,NOT_SUPPORTED,
R2,KR2_NETWORK,Operational_Status,,,,,,,,,,,NOT_SUPPORTED,
R2,KR2_OPERATING_SYSTEM,Pct_Free_Virtual_Memory,,,,,,,,,,No percentage option,NOT_SUPPORTED,
R2,KR2_PROCESSOR,Name,,,,,,,,,,,,
R2,KR2_PROCESSOR,Pct_Processor_Time,,,,,,,,,,,,
R2,KR2_PROCESSOR_UTILIZATION_TOTAL,Average,,host,,cpu.used,,,avg,,percentage,,SUPPORTED,
R3,KR3_AIXPAGETABLE,Percent_Available,,host,,,fs,used,avg,,subtractFrom100%,,SUPPORTED,
R3,KR3_AIXPHYSICALVOLUMETABLE,Percentage_of_Available_Space,,host,,,fs,used,avg,,subtractFrom100%,,SUPPORTED,
R3,KR3_AIXVOLUMEGROUPTABLE,Percentage_of_Available_Space,,host,,,fs,used,avg,,subtractFrom100%,,SUPPORTED,
R3,KR3_DISK,Mount_Point,,host,,,fs_mount,,,,linkedAttribute,,SUPPORTED,
R3,KR3_DISK,Percentage_of_Available_Space,,host,,,fs,used,avg,,subtractFrom100%,,SUPPORTED,
R3,KR3_MEMORY,Percentage_of_Available_Memory,,phmcSystem,,availableMemPercentage,,,avg,,percentage,,SUPPORTED,
R3,KR3_NETWORK,Operational_Status,,,,,,,,,,,NOT_SUPPORTED,
R3,KR3_PROCESSOR_UTILIZATION_TOTAL,Average,,host,,cpu.used,,,avg,,percentage,,SUPPORTED,
R4,KR4_DISK,Percentage_of_Available_Disk_Space,,,,,,,,,,No percentage option,NOT_SUPPORTED,
R4,KR4_MEMORY,Percentage_of_Available_Memory,,,,,,,,,,No percentage option,NOT_SUPPORTED,
R4,KR4_NETWORK,Operational_Status,,,,,,,,,,,NOT_SUPPORTED,
R4,KR4_PROCESSOR,CPU_Used_Pct,,host,,cpu.used,,,avg,,percentage,,SUPPORTED,
R5,KR5_DISK,Percentage_of_Available_Disk_Space,,,,,,,,,,No percentage option,NOT_SUPPORTED,
R5,KR5_DISK,Total_Blocks,,,,,,,,,,,NOT_SUPPORTED,
R5,KR5_MEMORY,Available_Physical_Memory_Pct,,,,,,,,,,No percentage option,NOT_SUPPORTED,
R5,KR5_MEMORY,Available_Swap_Space_Pct,,,,,,,,,,No percentage option,NOT_SUPPORTED,
R5,KR5_MEMORY,Available_Virtual_Memory_Pct,,,,,,,,,,No percentage option,NOT_SUPPORTED,
R5,KR5_NETWORK,Operational_Status,,,,,,,,,,,NOT_SUPPORTED,
R5,KR5_PROCESSOR,CPU_Used_Pct,,host,,cpu.used,,,avg,,percentage,,SUPPORTED,
R6,KR6_DISK,Available_Disk_Space_Pct,,host,,,fs,used,avg,,subtractFrom100%,,SUPPORTED,
R6,KR6_MEMORY,Available_Physical_Memory_Pct,,phmcSystem,,availableMemPercentage,,,avg,,percentage,,SUPPORTED,
R6,KR6_MEMORY,Available_Swap_Space_Pct,,host,,memory.swapUsed,,,avg,,subtractFrom100%,,SUPPORTED,
R6,KR6_MEMORY,Available_Virtual_Memory_Pct,,host,,memory.virtualUsed,,,avg,,subtractFrom100%,,SUPPORTED,
R6,KR6_SMA_DISK,Percentage_of_Available_Disk_Space,,host,,,fs,used,avg,,subtractFrom100%,,SUPPORTED,
R6,KR6_SMA_MEMORY,Available_Physical_Memory_Pct,,phmcSystem,,availableMemPercentage,,,avg,,percentage,,SUPPORTED,
R6,KR6_SMA_MEMORY,Available_Swap_Space_Pct,,host,,memory.swapUsed,,,avg,,subtractFrom100%,,SUPPORTED,
R6,KR6_SMA_MEMORY,Available_Virtual_Memory_Pct,,host,,memory.virtualUsed,,,avg,,subtractFrom100%,,SUPPORTED,
R6,KR6_SMA_NETWORK,Operational_Status,,,,,,,,,,,NOT_SUPPORTED,
R6,KR6_SMA_PROCESSOR,CPU_Used_Pct,,host,,cpu.used,,,avg,,percentage,,SUPPORTED,
R6,KR6_SMC_MEMORY,Available_Physical_Memory_Pct,,phmcSystem,,availableMemPercentage,,,avg,,percentage,,SUPPORTED,
R6,KR6_SMC_MEMORY,Available_Swap_Space_Pct,,host,,memory.swapUsed,,,avg,,subtractFrom100%,,SUPPORTED,
R6,KR6_SMC_MEMORY,VirtualMemoryFreePct,,host,,memory.virtualUsed,,,avg,,subtractFrom100%,,SUPPORTED,
R6,KR6_SMC_NETWORK,Operational_Status,,,,,,,,,,,NOT_SUPPORTED,
R6,KR6_SMC_PROCESSOR_SUMMARY,krOverAllCpuStatsUtil,,host,,cpu.used,,,avg,,percentage,,SUPPORTED,
R6,KR6_SMC_PROCESSOR_SUMMARY,krSystemLoadAvg15min,,host,,load.1min,,,,,divideBy15,,SUPPORTED,
R6,KR6_SMC_PROCESSOR_SUMMARY,krSystemLoadAvg1min,,host,,load.1min,,,,,value,,SUPPORTED,
R6,KR6_SMC_PROCESSOR_SUMMARY,krSystemLoadAvg5min,,host,,load.1min,,,,,divideBy5,,SUPPORTED,
R6,KR6_SMC_UFS,FileSystemFreePct,,host,,,fs,used,avg,,subtractFrom100%,,SUPPORTED,
R6,KR6_SMC_VXFS,FileSystemFreePct,,host,,,fs,used,avg,,subtractFrom100%,,SUPPORTED,
R6,KR6_SYSTEM,SystemLoadAvg15min,,host,,load.1min,,,,,divideBy15,,SUPPORTED,
R6,KR6_SYSTEM,SystemLoadAvg1min,,host,,load.1min,,,,,value,,SUPPORTED,
R6,KR6_SYSTEM,SystemLoadAvg5min,,host,,load.1min,,,,,divideBy5,,SUPPORTED,
UD,KUD_Agent_Event,Error_Code,,db2Database,,,,,,,,,TODO,
UD,KUD_Customized_SQL_Detail,DB_Alias,,db2Database,entity.db2.name,,,,,,dynamicQuery,,SUPPORTED,
UD,KUD_Customized_SQL_Detail,DB_Alias_Filter_Name,,db2Database,entity.db2.name,,,,,,dynamicQuery,,SUPPORTED,
UD,KUD_Customized_SQL_Detail,Number_Name_1,,db2Database,,,,,,,,,TODO,
UD,KUD_Customized_SQL_Detail,Number_Value_1,,db2Database,,,,,,,,,TODO,
UD,KUD_Customized_SQL_Detail,SQL_ID,,db2Database,,,,,,,,,TODO,
UD,KUD_DB2_Application00,agent_id_holding_lk,,db2Database,,,,,,,,,TODO,
UD,KUD_DB2_Application00,appl_id,,db2Database,,,,,,,,,TODO,
UD,KUD_DB2_Application00,appl_status,,db2Database,,,,,,,,,TODO,
UD,KUD_DB2_Application00,auth_id,,db2Database,,,,,,,,,TODO,
UD,KUD_DB2_Application00,cat_cache_hit_ratio,,db2Database,,,,,,,,,NOT_SUPPORTED,
UD,KUD_DB2_Current_SQL,status,,db2Database,,databases.status,,,avg,,enumConversion,,SUPPORTED,
UD,KUD_DB2_Database00,appls_cur_cons,,db2Database,,,,,,,,,TODO,
UD,KUD_DB2_Database00,cat_cache_hit_ratio,,db2Database,,,,,,,,,NOT_SUPPORTED,
UD,KUD_DB2_Database00,db_name,,db2Database,entity.db2.name,,,,,,dynamicQuery,,SUPPORTED,
UD,KUD_DB2_Database00,dbase_status,,db2Database,,databases.status,,,avg,,enumConversion,,SUPPORTED,
UD,KUD_DB2_Database00,deadlocks,,db2Database,,workloadstats.deadlocks,,,avg,,value,,SUPPORTED,
UD,KUD_DB2_Database00,pool_hit_ratio,,db2Database,,,,,,,,,NOT_SUPPORTED,
UD,KUD_DB2_Database01,days_since_last_backup,,db2Database,,databases.daysLastBackup,,,avg,,value,,SUPPORTED,
UD,KUD_DB2_Diagnostic_Log,component_name,,db2Database,,,,,,,,,TODO,
UD,KUD_DB2_Diagnostic_Log,level,,db2Database,,,,,,,,,TODO,
UD,KUD_DB2_Diagnostic_Log,message,,db2Database,,,,,,,,,TODO,
UD,KUD_DB2_HADR,db_name,,db2Database,entity.db2.name,,,,,,dynamicQuery,,SUPPORTED,
UD,KUD_DB2_HADR,db_status,,db2Database,,databases.status,,,avg,,enumConversion,,SUPPORTED,
UD,KUD_DB2_HADR,hadr_connect_status,,db2Database,,,hadr,HADR_CONNECT_STATUS,,,enumConversion,,SUPPORTED,
UD,KUD_DB2_HADR,hadr_log_gap,,db2Database,,,hadr,HADR_LOG_GAP,,,value,,SUPPORTED,
UD,KUD_DB2_HADR01,hadr_state,,db2Database,,,hadr,HADR_CONNECT_STATUS,,,enumConversion,,SUPPORTED,
UD,KUD_DB2_HADR01,standby_key_rotation_error,,db2Database,,,,,,,,,NOT_SUPPORTED,
UD,KUD_DB2_HADR01,standby_recv_blocked,,db2Database,,,,,,,,,NOT_SUPPORTED,
UD,KUD_DB2_LOG,db_name,,db2Database,entity.db2.name,,,,,,dynamicQuery,,SUPPORTED,
UD,KUD_DB2_LOG,logsecond,,db2Database,,logs.secLogsAlloc,,,avg,,value,,SUPPORTED,
UD,KUD_DB2_LOG,total_log_used_pct,,db2Database,,logs.availablePercentage,,,,,,,SUPPORTED,
UD,KUD_DB2_System_Overview,db2_status,,db2Database,,databases.status,,,avg,,enumConversion,,SUPPORTED,
UD,KUD_DB2_System_Overview,instance_name,,db2Database,entity.db2.name,,,,,,dynamicQuery,,SUPPORTED,
UD,KUD_DB2_Table,Node_Name,,db2Database,entity.db2.name,,,,,,dynamicQuery,,SUPPORTED,
UD,KUD_DB2_Tablespace,db_name,,db2Database,entity.db2.name,,,,,,dynamicQuery,,SUPPORTED,
UD,KUD_DB2_Tablespace,instance_name,,db2Database,entity.db2.name,,,,,,dynamicQuery,,SUPPORTED,
UD,KUD_DB2_Tablespace,space_used_DMS_table_pct,,db2Database,,,tablespaceutil,spaceUtilPercent,,KUD_DB2_Tablespace.tablespace_name,percentage,,SUPPORTED,
UD,KUD_DB2_Tablespace,tablespace_name,,db2Database,,,tablespaceutil,,,,linkedAttribute,,SUPPORTED,
UD,KUD_DB2_Tablespace,tablespace_type,,db2Database,,,,,,,,,TODO,
UD,KUD_DB2_Tablespace,usable_pages,,db2Database,,,,,,,,,TODO,
UD,KUD_Tablespace_Auto_Resize,tablespace_type,,db2Database,,,,,,,,,TODO,
UD,KUD_Tablespace_Auto_Resize,TBSP_Auto_Resize_Enabled,,db2Database,,,,,,,,,TODO,
UD,KUD_Tablespace_Auto_Resize,TBSP_Last_Resize_Failed,,db2Database,,,,,,,,,TODO,
UD,KUD_Tablespace_Auto_Resize,TBSP_Utilization,,db2Database,,,tablespaceutil,spaceUtilPercent,,KUD_DB2_Tablespace.tablespace_name,percentage,,SUPPORTED,
UD,KUDDB2APPLGROUP00_U,auth_id_U,,db2Database,,,,,,,,,TODO,
UD,KUDDB2APPLGROUP00_U,db_name_U,,db2Database,entity.db2.name,,,,,,dynamicQuery,,SUPPORTED,
UD,KUDDBASEGROUP00,appls_cur_cons,,db2Database,,,,,,,,,TODO,
UD,KUDDBASEGROUP00,db_name,,db2Database,entity.db2.name,,,,,,dynamicQuery,,SUPPORTED,
UD,KUDDBASEGROUP00,deadlocks,,db2Database,,workloadstats.deadlocks,,,avg,,value,,SUPPORTED,
UD,KUDDBASEGROUP01,db_name_U,,db2Database,entity.db2.name,,,,,,dynamicQuery,,SUPPORTED,
UD,KUDDBASEGROUP01,lock_waits_pct,,db2Database,,vmonlockstats.activeLockWaits,,,avg,,value,No percentage option,NOT_SUPPORTED,
UD,KUDINFO00,buf_used_pct,,db2Database,,,,, ,, ,,NOT_SUPPORTED,
UD,KUDINFO00,db2_status,,db2Database,,databases.status,,,avg,,enumConversion,,SUPPORTED,
UD,KUDINFO00,ma_max_used_pct,,db2Database,,,,, ,, ,,NOT_SUPPORTED,
UD,KUDTABSPACE,SPACE_USED_DMS_TABLE_PCT,,db2Database,,,tablespaceutil,spaceUtilPercent,,KUD_DB2_Tablespace.tablespace_name,percentage,,SUPPORTED,
UD,KUDTABSPACE,TABLESPACE_NAME_U,,db2Database,,,tablespaceutil,,,,linkedAttribute,,SUPPORTED,
UD,KUDTABSPACE,TBSP_STATUS,,db2Database,,,tablespaceutil,tbspState,,,enumConversion,,SUPPORTED,
UM,MIB-2EGP00,egpInErrors,,host,,,,,,,,,,
UM,MIB-2EGP00,egpOutErrors,,host,,,,,,,,,,
UM,MIB-2EGPNEIGHTABLE00,egpNeighInErrs,,host,,,,,,,,,,
UM,MIB-2EGPNEIGHTABLE00,egpNeighOutErrs,,host,,,,,,,,,,
UM,MIB-2ICMP00,icmpInErrors,,host,,,,,,,,,,
UM,MIB-2ICMP00,icmpOutErrors,,host,,,,,,,,,,
UM,MIB-2IFTABLE00,ifInDiscards,,host,,,,,,,,,,
UM,MIB-2IFTABLE00,ifInErrors,,host,,,,,,,,,,
UM,MIB-2IFTABLE00,ifOperStatus,,host,,,,,,,,,,
UM,MIB-2IFTABLE00,ifOutDiscards,,host,,,,,,,,,,
UM,MIB-2IFTABLE00,ifOutErrors,,host,,,,,,,,,,
UM,MIB-2IP00,ipFragFails,,host,,,,,,,,,,
UM,MIB-2IP00,ipInDiscards,,host,,,,,,,,,,
UM,MIB-2IP00,ipInHdrErrors,,host,,tcp.errors,,,avg,,percentage,,SUPPORTED,
UM,MIB-2IP00,ipInUnknownProtos,,host,,,,,,,,,,
UM,MIB-2IP00,ipOutDiscards,,host,,,,,,,,,,
UM,MIB-2IP00,ipOutNoRoutes,,host,,,,,,,,,,
UM,MIB-2SNMP00,snmpInBadCommunityNames,,host,,,,,,,,,,
UM,MIB-2SNMP00,snmpInBadCommunityUses,,host,,,,,,,,,,
UM,MIB-2TCPCONNTABLE00,tcpInErrs,,host,,tcp.errors,,,avg,,percentage,,SUPPORTED,
UM,MIB-2UDP00,udpInErrors,,,,,,,,,,,,
UM,SNMP-MANAGERMANAGED-NODES00,Node_Status,Offline,host,,,,,,,systemEvent,TODO: System Offline event?,TODO,
UM,SNMP-MANAGERNETSUMMARY00,Max_RespTime_ms,,host,,,,,,,,,,
UM,SNMP-MANAGERROUTER00,Router_Status,,host,,,,,,,,,,
UM,SNMP-MANAGERTRAP00,Category,,host,,,,,,,,,,
UM,SNMP-MANAGERTRAP00,Severity,,host,,,,,,,,,,
UX,AIX_Defined_Users,Account_Locked,,,,,,,,,,,NOT_SUPPORTED,
UX,AIX_Defined_Users,Loginretries,,,,,,,,,,,NOT_SUPPORTED,
UX,AIX_DEVICES,State,,,,,,,,,,,NOT_SUPPORTED,
UX,AIX_LPAR,Busy_Pct,,phmcSystem,,configurableProcUnitsPercent,,,,,,,SUPPORTED,
UX,AIX_LPAR,Entitlement_Pct,,phmcLPAR,,entitledProcUnitsPercentage,,,avg,,percentage,,SUPPORTED,
UX,AIX_LPAR,Machine_ID,,phmcLPAR,entity.phmc.lpar.name,,,,,,dynamicQuery,,SUPPORTED,
UX,AIX_LPAR,Max_CPU_Cap_Used_Pct,,phmcLPAR,,maxCPUCapacityUtilisation,,,avg,,percentage,,SUPPORTED,
UX,AIX_LPAR,Phantom_Interrupts,,,,,,,,,,,NOT_SUPPORTED,
UX,AIX_LPAR,Phys_Busy_Pct,,phmcSystem,,availableProcUnitsPercent,,,,,,,SUPPORTED,
UX,AIX_LPAR,Time_In_Hypervisor_Pct,,phmcSystem,,,assignedMemHypervisor,,avg,,percentage,,SUPPORTED,
UX,AIX_LPAR,Unallocated_CPU_In_Pool,,phmcSharedProcessorPool,,availableProcUnitsPercent,,,avg,,percentage,,SUPPORTED,
UX,AIX_LPAR,Virt_Context_CPU_Switches_per_Sec,,host,,ctxt,,,avg,,value,,SUPPORTED,
UX,AIX_Network_Adapters,Bad_Pkts_Recvd_per_Sec,,host,,tcp.errors,,,avg,,percentage,,SUPPORTED,
UX,AIX_Network_Adapters,Pkts_Recv_Errors_per_Sec,,host,,tcp.errors,,,avg,,percentage,,SUPPORTED,
UX,AIX_Network_Adapters,Pkts_Sent_Errors_per_Sec,,host,,tcp.errors,,,avg,,percentage,,SUPPORTED,
UX,AIX_Network_Adapters,Qoverflow_per_Sec,,,,,,,,,,,NOT_SUPPORTED,
UX,AIX_WPAR_CPU,WPAR_CPU_Consumed_Pct,,phmcSystem,,utilizedProcUnitsPercent,,,avg,,percentage,,SUPPORTED,
UX,AIX_WPAR_Information,Admin_Operation,,,,,,,,,,,NOT_SUPPORTED,
UX,AIX_WPAR_Information,RC_CPU_Limits_Hard_Max,,phmcSystem,,utilizedProcUnits,,,max,,value,,SUPPORTED,
UX,AIX_WPAR_Information,RC_CPU_Limits_Min,,phmcSystem,,utilizedProcUnits,,,min,,value,,SUPPORTED,
UX,AIX_WPAR_Information,RC_CPU_Shares,,phmcSharedProcessorPool,,availableProcUnits,,,avg,,value,,SUPPORTED,
UX,AIX_WPAR_Information,RC_Is_Active,,,,,,,,,,,NOT_SUPPORTED,
UX,AIX_WPAR_Information,RC_Memory_Limits_Hard_Max,,phmcSystem,,totalMem,,,max,,value,,SUPPORTED,
UX,AIX_WPAR_Information,RC_Memory_Limits_Min,,phmcSystem,,totalMem,,,min,,value,,SUPPORTED,
UX,AIX_WPAR_Information,RC_Memory_Shares,,process,,mem.share,,,avg,,value,,SUPPORTED,
UX,AIX_WPAR_Information,State,,,,,,,,,,,NOT_SUPPORTED,
UX,AIX_WPAR_Physical_Memory,Used_Memory_Pct,,phmcSystem,,assignedMemToLparsPercentage,,,avg,,percentage,,SUPPORTED,
UX,Data_Collection_Status,Name,,,,,,,,,,,NOT_SUPPORTED,
UX,Data_Collection_Status,Status,,,,,,,,,,,NOT_SUPPORTED,
UX,Disk,File_System_Type,,,,,,,,,,,NOT_SUPPORTED,
UX,Disk,Inodes_Free,,host,,,fs_mount,ifree,avg,,KB2byte,,SUPPORTED,
UX,Disk,Inodes_Free_64,,host,,,fs_mount,ifree,avg,,KB2byte,,SUPPORTED,
UX,Disk,Inodes_Used_Percent,,host,,,,inodeUsage,avg,,percentage,,SUPPORTED,
UX,Disk,Mount_Point,,host,,,fs_mount,,,,linkedAttribute,,SUPPORTED,
UX,Disk,Mount_Point_U,,host,,,fs_mount,,,,linkedAttribute,,SUPPORTED,
UX,Disk,Name,,host,,,fs,,,,linkedAttribute,,SUPPORTED,
UX,Disk,Name_U,,host,,,fs,,,,linkedAttribute,,SUPPORTED,
UX,Disk,Size,,host,,,fs,,,,linkedAttribute,,SUPPORTED,
UX,Disk,Space_Available_GB_Decimal,,host,,,,free,avg,,GB2Kbyte,,SUPPORTED,
UX,Disk,Space_Available_MB,,host,,,,free,avg,,MB2Kbyte,,SUPPORTED,
UX,Disk,Space_Available_Percent,,host,,,fs,used,avg,,subtractFrom100%,,SUPPORTED,
UX,Disk,Space_Used_Percent,,host,,,fs,used,avg,,percentage,,SUPPORTED,
UX,Disk,System_Name,,host,entity.tag,,,,,,dynamicQuery,,SUPPORTED,
UX,Disk_Performance,Avg_Read_Transfer_MS,,host,,,fs,reads,avg,,value,,SUPPORTED,
UX,Disk_Performance,Avg_Serv,,,,,,,,,,,NOT_SUPPORTED,
UX,Disk_Performance,Avg_Wait,,,,,,,,,,,NOT_SUPPORTED,
UX,Disk_Performance,Avg_Write_Transfer_MS,,host,,,fs,writes,avg,,value,,SUPPORTED,
UX,Disk_Performance,Failed_Read_per_Sec,,,,,,,,,,,NOT_SUPPORTED,
UX,Disk_Performance,Failed_Writes_per_Sec,,,,,,,,,,,NOT_SUPPORTED,
UX,Disk_Performance,Read_Timeouts_per_Sec,,,,,,,,,,,NOT_SUPPORTED,
UX,Disk_Performance,ServiceQ_Full_per_Sec,,,,,,,,,,,NOT_SUPPORTED,
UX,Disk_Performance,Write_Timeout_per_Sec,,,,,,,,,,,NOT_SUPPORTED,
UX,File_Information,File,,host,,,fs,,,,joinPathIfIncluded,,SUPPORTED,
UX,File_Information,Path,,host,,,fs,,,,linkedAttribute,,SUPPORTED,
UX,KCA_UX_Alerts_Table,Alert_Text,,,,,,,,,,,NOT_SUPPORTED,
UX,Machine_Information,Number_of_Physical_Processors,,process,entity.host.cpu.count,,,,,,dynamicQuery,,SUPPORTED,
UX,N_F_S_and_R_P_C_Statistics,NFS_Client_Calls_Rejected,,,,,,,,,,,NOT_SUPPORTED,
UX,N_F_S_and_R_P_C_Statistics,NFS_Server_Calls_Rejected,,,,,,,,,,,NOT_SUPPORTED,
UX,Network,Bandwidth_Util_Pct,,,,,,,,,,,NOT_SUPPORTED,
UX,Network,Collisions,,host,,tcp.fails,,,avg,,percentage,,SUPPORTED,
UX,Network,Frames_Received,,,,,,,,,,,NOT_SUPPORTED,
UX,Network,Frames_Transmitted,,,,,,,,,,,NOT_SUPPORTED,
UX,Network,Input_Errors,,host,,tcp.errors,,,avg,,percentage,,SUPPORTED,
UX,Network,Input_Packet_Errors_Percent,,host,,tcp.errors,,,avg,,percentage,,SUPPORTED,
UX,Network,Interface_Status,,,,,,,,,,,NOT_SUPPORTED,
UX,Network,Network_Interface_Name,,,,,,,,,,,NOT_SUPPORTED,
UX,Network,Output_Errors,,host,,tcp.errors,,,avg,,percentage,,SUPPORTED,
UX,Network,Output_Packet_Errors_Percent,,host,,tcp.errors,,,avg,,percentage,,SUPPORTED,
UX,Process,Command,,process,entity.process.exec,,,,,,dynamicQuery,,SUPPORTED,
UX,Process,Command_U,,process,entity.process.exec,,,,,,dynamicQuery,,SUPPORTED,
UX,Process,CPU_Pct,,process,,cpu.sys,,,avg,,percentage,,SUPPORTED,
UX,Process,CPU_Utilization,,process,,cpu.sys,,,avg,,percentage,,SUPPORTED,
UX,Process,Execution_State,,,,,,,,,,,NOT_SUPPORTED,
UX,Process,Mem_Pct,,host,,memory.used,,,avg,,percentage,,SUPPORTED,
UX,Process,Process_Command_U,,process,entity.process.exec,,,,,,dynamicQuery,,SUPPORTED,
UX,Process,Resident_Data_Size,,process,,mem.resident,,,avg,,bytes,,SUPPORTED,
UX,Process,Resident_Text_Size,,process,,mem.resident,,,avg,,bytes,,SUPPORTED,
UX,Process,Text_Size,,,,,,,,,,,NOT_SUPPORTED,
UX,Process,User_ID,,,,,,,,,,,NOT_SUPPORTED,
UX,Process,Virtual_Size,,process,,mem.virtual,,,avg,,value,,SUPPORTED,
UX,SMP_CPU,Avg_CPU_Busy_5,,host,,cpu.used,,,avg,,percentage,,SUPPORTED,
UX,SMP_CPU,Context_Switches_per_Sec,,host,,ctxt,,,avg,,value,,SUPPORTED,
UX,SMP_CPU,CPU_Busy,,host,,cpu.used,,,avg,,percentage,,SUPPORTED,
UX,SMP_CPU,CPU_ID,,host,entity.process.id,,,,,,dynamicQuery,,SUPPORTED,
UX,System,Active_Virtual_Memory,,host,,memory.virtualTotal,,,avg,,value,,SUPPORTED,
UX,System,Free_Memory,,host,,memory.free,,,avg,,percentage,,SUPPORTED,
UX,System,Idle_CPU,,,,,,,,,,,NOT_SUPPORTED,
UX,System,Load_Average_1_Min,,host,,load.1min,,,,,value,,SUPPORTED,
UX,System,Load_Average_5_Min,,host,,load.1min,,,,,divideBy5,,SUPPORTED,
UX,System,Page_Scan_Rate,,,,,,,,,,,NOT_SUPPORTED,
UX,System,Processes_in_Run_Queue,,host,,cpu.wait,,,avg,,percentage,,SUPPORTED,
UX,System,Processes_Zombie,,,,,,,,,,,NOT_SUPPORTED,
UX,System,System_CPU,,host,,cpu.sys,,,avg,,percentage,,SUPPORTED,
UX,System,System_Procs_Number,,host,entity.host.cpu.count,,,,,,dynamicQuery,,SUPPORTED,
UX,System,Time_Spent_in_Hypervisor_Pct,,phmcSystem,,,assignedMemHypervisor,,avg,,percentage,,SUPPORTED,
UX,System,Up_Time,,,,,,,,,,,NOT_SUPPORTED,
UX,System,User_CPU,,host,,cpu.user,,,avg,,percentage,,SUPPORTED,
UX,System,Virtual_Memory_Percent_Used,,host,,memory.virtualUsed,,,avg,,percentage,,SUPPORTED,
UX,System,Wait_I/O,,,,,,,,,,,NOT_SUPPORTED,
UX,UNIX_DEVICES,State,,,,,,,,,,,NOT_SUPPORTED,
UX,Unix_Memory,Net_Memory_Avail_Pct,,host,,memory.free,,,avg,,percentage,,SUPPORTED,
UX,Unix_Memory,Page_Faults,,,,,,,,,,,NOT_SUPPORTED,
UX,Unix_Memory,Repaging_Rate,,,,,,,,,,,NOT_SUPPORTED,
UX,Unix_Memory,Used_Swap_Space_Pct,,host,,memory.swapUsed,,,avg,,percentage,,SUPPORTED,
UX,UNIX_TCP_Statistics,Connections_Established_per_Sec,,host,,tcp.established,,,avg,,value,,SUPPORTED,
V1,KV1_HOST_CPU,CPU_Percent_Consumed,,host,,cpu.used,,,avg,,percentage,,SUPPORTED,
V1,KV1_HOST_CPU,Percent_CPU_Allocated,,host,,cpu.sys,,,avg,,percentage,,SUPPORTED,
V1,KV1_HOST_MEMORY,Percent_Memory_Used,,phmcVIOS,,utilizedMemPercentage,,,,,percentage,,SUPPORTED,
V1,KV1_VIRTUAL_MACHINES,CPU_Percent,,host,,cpu.sys,,,avg,,percentage,,SUPPORTED,
V1,KV1_VIRTUAL_MACHINES,Memory_Percent,,phmcVIOS,,utilizedMemPercentage,,,,,percentage,,SUPPORTED,
VM,KVM_AGENT_EVENTS,Severity,,vsphereHost,,,,,,,,,NOT_SUPPORTED,
VM,KVM_AGENT_EVENTS,Subsystem,,vsphereHost,,,,,,,,,NOT_SUPPORTED,
VM,KVM_CLUSTERS,CPU_Utilization,,vsphereHost,,cpu.usage.maximum.percent,,,avg,,percentage,,SUPPORTED,
VM,KVM_CLUSTERS,Memory_Utilization,,vsphereHost,,mem.usage.average.percent,,,avg,,percentage,,SUPPORTED,
VM,KVM_CLUSTERS,Percent_Effective_CPU,,vsphereHost,,cpu.usage.maximum.percent,,,avg,,percentage,,SUPPORTED,
VM,KVM_CLUSTERS,Percent_Effective_Memory,,vsphereHost,,mem.usage.average.percent,,,avg,,percentage,,SUPPORTED,
VM,KVM_CLUSTERS,Percent_Effective_Servers,,vsphereHost,,cpu.readiness.average.percent,,,,,,,SUPPORTED,
VM,KVM_DATASTORES,Accessible,,vsphereHost,,,,,,,,,NOT_SUPPORTED,
VM,KVM_DATASTORES,Overall_Status,,vsphereHost,,,,,,,,,NOT_SUPPORTED,
VM,KVM_DATASTORES,Percent_Used,,vsphereHost,,,,,,,,,NOT_SUPPORTED,
VM,KVM_RESOURCE_POOL_CPU,Percent_Overall_Usage,,vsphereHost,,cpu.usage.maximum.percent,,,avg,,percentage,,SUPPORTED,
VM,KVM_RESOURCE_POOL_MEMORY,Percent_Overall_Usage,,vsphereHost,,mem.usage.average.percent,,,avg,,percentage,,SUPPORTED,
VM,KVM_SERVER,Overall_CPU_Util,,vsphereHost,,cpu.usage.maximum.percent,,,avg,,percentage,,SUPPORTED,
VM,KVM_SERVER,Overall_Memory_Util,,vsphereHost,,mem.usage.average.percent,,,avg,,percentage,,SUPPORTED,
VM,KVM_SERVER_DATASTORE,Percent_Free,,vsphereHost,,,,,,,,,NOT_SUPPORTED,
VM,KVM_SUBNODE_EVENTS,Event,,vsphereHost,event.entity.label,,,,,,enumConversion,,SUPPORTED,
VM,KVM_TOPOLOGY,NodeStatus,,vsphereHost,,,,,,,,,NOT_SUPPORTED,
VM,KVM_TOPOLOGY,NodeType,,vsphereHost,,,,,,,,,NOT_SUPPORTED,
VM,KVM_VM_CPU,Utilization,,vsphereHost,,cpu.usage.maximum.percent,,,avg,,percentage,,SUPPORTED,
VM,KVM_VM_MEMORY,Guest_Util,,vsphereHost,,mem.usage.average.percent,,,avg,,percentage,,SUPPORTED,
VM,KVM_VM_MEMORY,Host_Util,,vsphereHost,,mem.usage.average.percent,,,avg,,percentage,,SUPPORTED,
VM,KVM_VM_PARTITION,Percent_Free,,vsphereHost,,,,,,,,,NOT_SUPPORTED,
YN,Allocation_Failure,Heap_Free_Percent_after_GC,,,,,,,,,,,TODO,
YN,Allocation_Failure,Heap_Status,,,,,,,,,,,TODO,
YN,Application_Health_Status,Application_Health,,,,,,,,,,,TODO,
YN,Application_Monitoring_Configuration,Mon_Status,,,,,,,,,,,TODO,
YN,Application_Server,CPU_Used_Percent,,host,,cpu.used,,,avg,,percentage,,SUPPORTED,
YN,Application_Server,Hung_Threads_Total,,webSphereApplicationContainer,,threadPools.webContainer.concurrentlyHungThreads,,,avg,,value,,SUPPORTED,
YN,Application_Server,Origin_Node,,webSphereApplicationContainer,entity.websphere.nodeName,,,,,,,,SUPPORTED,
YN,Application_Server_Status,Status,,,,,,,,,,,NOT_SUPPORTED,
YN,DB_Connection_Pools,Average_Pool_Size,,webSphereApplicationContainer,,,datasources,poolSize,avg,,value,Use with Origin_Node,SUPPORTED,
YN,DB_Connection_Pools,Average_Usage_Time,,,,,,,,,,,TODO,
YN,DB_Connection_Pools,Average_Wait_Time,,webSphereApplicationContainer,,,datasources,averageWaitTime,avg,,value,,SUPPORTED,
YN,DB_Connection_Pools,Datasource_Label,,webSphereApplicationContainer,,,datasources,,,,linkedAttribute,,SUPPORTED,
YN,DB_Connection_Pools,Origin_Node,,webSphereApplicationContainer,,,datasources,,,,linkedAttribute,,SUPPORTED,
YN,DB_Connection_Pools,Percent_Used,,,,,,,,,,,TODO,
YN,DB_Connection_Pools,Summary_of_All_DB_Connections,,webSphereApplicationContainer,,,datasources,waitingThreadCount,avg,,value,Use with Origin_Node,SUPPORTED,
YN,DB_Connection_Pools,Threads_Timed_Out,,webSphereApplicationContainer,,transactions.globalTimeoutCount,,,avg,,value,,SUPPORTED,
YN,Enterprise_Java_Beans,Method_Average_Response_Time,,webSphereApplicationContainer,,,ejbBeans,responseTime,,,value,,SUPPORTED,
YN,Garbage_Collection_Analysis,Heap_Used_Percent,,jvmRuntimePlatform,,memory.usedPercentage,,,,,,,SUPPORTED,
YN,Garbage_Collection_Analysis,Real_Time_Percent,,jvmRuntimePlatform,,memory.gc.beforePercentage,,,,,,,SUPPORTED,
YN,Garbage_Collection_Cycle,Heap_Free_Percent_after_GC,,jvmRuntimePlatform,,memory.gc.afterPercentage,,,,,,,SUPPORTED,
YN,J2C_Connection_Pools,Average_Usage_Time,,webSphereApplicationContainer,,,jcas,useTime,avg,,value,,SUPPORTED,
YN,J2C_Connection_Pools,Average_Wait_Time,,webSphereApplicationContainer,,,jcas,avgWait,avg,,value,,SUPPORTED,
YN,J2C_Connection_Pools,Origin_Node,,webSphereApplicationContainer,entity.websphere.nodeName,,,,,,,,SUPPORTED,
YN,J2C_Connection_Pools,Pool_Used_Percent,,webSphereApplicationContainer,,,jcas,percentUsed,avg,,value,,SUPPORTED,
YN,J2C_Connection_Pools,Summary_of_J2C_Connections,,,,,,,,,,,TODO,
YN,Listener_Port,Status,,,,,,,,,,,NOT_SUPPORTED,
YN,Log_Analysis,Message_ID,,,,,,,,,,,TODO,
YN,Log_Analysis,Message_Text,,,,,,,,,,,TODO,
YN,Log_Analysis,Origin_Node,,,,,,,,,,,TODO,
YN,Log_Analysis,Severity,,,,,,,,,,,TODO,
YN,Request_Times_and_Rates,Application_name,,webSphereApplicationContainer,entity.websphere.serverName,,,,,,,,SUPPORTED,
YN,Request_Times_and_Rates,Average_Request_Response_Time,,webSphereApplicationContainer,,,servlets,avgResponseTime,,,value,,SUPPORTED,
YN,Thread_Pools,Average_Active_Threads,,webSphereApplicationContainer,,threadPools.webContainer.activeThreads,,,avg,,value,,SUPPORTED,
YN,Thread_Pools,Origin_Node,,webSphereApplicationContainer,entity.websphere.nodeName,,,,,,,,SUPPORTED,
YN,Thread_Pools,Summary_of_Thread_Pools,,,,,,,,,,,TODO,
YN,Thread_Pools,Thread_Pool_Name,,,,,,,,,,,TODO,
YN,Web_Services,Response_Time,,,,,,,,,,,TODO,
YN,Web_Services,Web_Service,,,,,,,,,,,TODO,
YN,WebSphere_XD_Cell,Connection_Status,,,,,,,,,,,TODO,
YN,WebSphere_XD_Compute_Grid,Average_Job_Dispatch_Error_Time,,,,,,,,,,,TODO,
YN,WebSphere_XD_Compute_Grid,Job_Scheduler_Servers_Running,,,,,,,,,,,TODO,
YN,WebSphere_XD_Compute_Grid,Jobs_in_Queue,,,,,,,,,,,TODO,
YN,WebSphere_XD_Compute_Grid,Row_Type,,,,,,,,,,,TODO,
YN,WebSphere_XD_Dynamic_Clusters,Cluster_State,,,,,,,,,,,TODO,
YN,WebSphere_XD_Jobs,Queue_Time,,,,,,,,,,,TODO,
YN,WebSphere_XD_Jobs,Total_Time,,,,,,,,,,,TODO,
YN,WebSphere_XD_ODR,Average_Queue_Length,,,,,,,,,,,TODO,
YN,WebSphere_XD_ODR,ODR_Servers_Running,,,,,,,,,,,TODO,
YN,WebSphere_XD_ODR,Request_Dropped_Percent,,,,,,,,,,,TODO,
YN,WebSphere_XD_ODR,Request_Failed_Percent,,,,,,,,,,,TODO,
YN,WebSphere_XD_ODR,Request_Timed_Out_Percent,,,,,,,,,,,TODO,
YN,WebSphere_XD_ODR,Requests_Above_Goal_Percent,,,,,,,,,,,TODO,
YN,WebSphere_XD_ODR,Row_Type,,,,,,,,,,,TODO,
YN,WebSphere_XD_ODR,Server_State,,,,,,,,,,,TODO,
YN,WebSphere_XD_Policy_Violations,Service_Policy,,,,,,,,,,,TODO,
YN,WebSphere_XD_Servers,CPU_Used_Percent,,host,,cpu.used,,,avg,,percentage,,SUPPORTED,
YN,WebSphere_XS_Catalog,Connection_Status,,,,,,,,,,,TODO,
YN,WebSphere_XS_Catalog,Is_Primary,,,,,,,,,,,TODO,
YN,WebSphere_XS_Catalog,Quorum_Status,,,,,,,,,,,TODO,
YN,WebSphere_XS_Server,Connection_Status,,,,,,,,,,,TODO,
YN,WebSphere_XS_Server,Heap_Used_%,,,,,,,,,,,TODO,
YN,WebSphere_XS_Server,Hung_Threads_Total,,webSphereApplicationContainer,,threadPools.webContainer.concurrentlyHungThreads,,,avg,,value,,SUPPORTED,
NT,NT_System,Operating_System_Type,,host,entity.host.os.name,,,,,,dynamicQuery,"e.g. conversion required => 2008==entity.host.os.name:""Windows Server 2008"" ",SUPPORTED,
NT,NT_System,Operating_System_Version,,host,entity.host.os.version,,,,,,dynamicQuery,,SUPPORTED,
NT,NT_System,Processor_Queue_Length,,host,,cpu.wait,,,avg,,percentage2count??,,NOT_SUPPORTED,
NT,NT_System,System_Up_Days,,,,,,,,,,,TODO,
NT,NT_System,System_Up_Time_64,,,,,,,,,,,TODO,
NT,NT_System,Total_Interrupts/Sec,,,,,,,,,,,TODO,
NT,NT_System,Total_Memory_Size,,host,,memory.virtualTotal,,,avg,,value,,SUPPORTED,
NT,TCP_Statistics,Segments_Retransmitted/sec,,,,,,,,,,,TODO,